invoice_number	invoice_date	po_number	model_id	serial_number	unit_remarks1	amount	unit_remarks3	unit_remarks2
MSP-0006	27-Mar-13	P1300060	Sokkia NET05AX	102226	NET05AXP51TM-21 (212040LA0) 3D Station	 USD 20,000.00 	MSP Office	
MSP-0006	27-Mar-13	P1300060	Sokkia NET05AX	102229	NET05AXP51TM-21 (212040LA0) 3D Station	 USD 20,000.00 	MSP Office	
MSP-0006	27-Mar-13	P1300060	Sokkia NET05AX	102230	NET05AXP51TM-21 (212040LA0) 3D Station	 USD 20,000.00 	MSP Office	
75956	1-Apr-11	P11073	Sokkia NET1AX	100546	"SOKKIA NET1AXT51TM-21 Automated 3-D Station Complete with:
2 x BDC58 rechargeable battery
1 x CDC68 charger
1 x EDC113 cable for CDC68"	 $24,675.00 	MSP Office	"STORE (CANNOT USE)
RAJA: POWER ON - ERROR CODE"
78802	20-Oct-11	P11134	Sokkia NET1AX	101201	"SOKKIA NET1AXT51TM-21 Automated 3-D Station Complete with:
2 x BDC58 rechargeable battery
1 x CDC68 charger
1 x EDC113 cable for CDC68"	 $26,250.00 	MSP Office	
80012	31-Jan-12	P1200005	Sokkia NET1AX	101426	"SOKKIA NET1AXT51TM-21 Automated 3-D Station Complete with:
2 x BDC58 rechargeable battery
1 x CDC68 charger
1 x EDC113 cable for CDC68"	 $26,250.00 	MSP Office	
82923	3-Jul-12	P1200122	Sokkia NET1AX	101651	"SOKKIA NET1AXT51TM-21 Automated 3-D Station Complete with:
2 x BDC58 rechargeable battery
1 x CDC68 charger
1 x EDC113 cable for CDC68"	 $26,250.00 	MSP Office	
84414	24-Sep-12	P1200162	Sokkia NET1AX	102056	"SOKKIA NET1AXT51TM-21 Automated 3-D Station Complete with:
2 x BDC58 rechargeable battery
1 x CDC68 charger
1 x EDC113 cable for CDC68"	 $26,250.00 	MSP Office	
84414	24-Sep-12	P1200162	Sokkia NET1AX	102057	"SOKKIA NET1AXT51TM-21 Automated 3-D Station Complete with:
2 x BDC58 rechargeable battery
1 x CDC68 charger
1 x EDC113 cable for CDC68"	 $26,250.00 	MSP Office	
85999	3-Jan-13	P1200199	Sokkia NET1AX	102168	"SOKKIA NET1AXT51TM-21 Automated 3-D Station Complete with:
2 x BDC58 rechargeable battery
1 x CDC68 charger
1 x EDC113 cable for CDC68"	 $26,250.00 	MSP Office	
59405	21-Dec-07	P07116	Sokkia NET1m	101103	"SOKKIA NET1P51TN-22 Mono Mobile 3-D Station Complete with:
2 x BDC58 battery
1 x CDC68 charger
1 x EDC131 cable"	 $21,500.00 	MSP Office	
59405	21-Dec-07	P07116	Sokkia NET1m	101160	"SOKKIA NET-1M Mono Mobile 3-D Station Complete with:
2 x rechargeable battery
1 x charger 1 x cable"	 $21,500.00 	MSP Office	
61336	12-May-08	P07122	Sokkia NET1m	101553	"SOKKIA NET-1M Mono Mobile 3-D Station Complete with:
2 x rechargeable battery
1 x charger
1 x EDC131 cable"	 $21,500.00 	MSP Office	
61334	2-May-08	P08082	Sokkia NET1m	101554	"SOKKIA NET-1M Mono Mobile 3-D Station Complete with:
2 x rechargeable battery
1 x charger
1 x EDC131A cable"	 $21,500.00 	MSP Office	"STORE (CANNOT USE)
RAJA: POWER ON - ERROR CODE"
61336	12-May-08	P08083	Sokkia NET1m	101563	"SOKKIA NET-1M Mono Mobile 3-D Station Complete with:
2 x rechargeable battery
1 x charger
1 x EDC131 cable"	 $21,500.00 	MSP Office	
61334	2-May-08	P08082	Sokkia NET1m	101571	"SOKKIA NET-1M Mono Mobile 3-D Station Complete with:
2 x rechargeable battery
1 x charger
1 x EDC131 cable"	 $21,500.00 	MSP Office	
66487	25-May-09	P09053	Sokkia NET1m	101581	"SOKKIA NET-1M Mono Mobile 3-D Station Complete with:
2 x rechargeable battery
1 x charger 1 x cable"	 $11,825.00 	MSP Office	
61888	16-Jun-08	P08102	Sokkia NET1m-II	101594	"SOKKIA NET1P51TN-22 Mono Mobile 3-D Station Complete with:
2 x BDC58 battery
1 x CDC68 charger
1 x EDC131 cable"	 $21,500.00 	MSP Office	
61888	16-Jun-08	P08102	Sokkia NET1m-II	101677	"SOKKIA NET1P51TN-22 Mono Mobile 3-D Station Complete with:
2 x BDC58 battery
1 x CDC68 charger
1 x EDC131 cable"	 $21,500.00 	MSP Office	
61888	16-Jun-08	P08102	Sokkia NET1m-II	101743	"SOKKIA NET1P51TN-22 Mono Mobile 3-D Station Complete with:
2 x BDC58 battery
1 x CDC68 charger
1 x EDC131 cable"	 $21,500.00 	MSP Office	
63000	27-Aug-08	P08155	Sokkia NET1m-II	101922	"SOKKIA NET1P51TN-22 Mono Mobile 3-D Station Complete with:
2 x BDC58 battery
1 x CDC68 charger
1 x EDC131 cable"	 $21,500.00 	MSP Office	
63000	27-Aug-08	P08155	Sokkia NET1m-II	101923	"SOKKIA NET1P51TN-22 Mono Mobile 3-D Station Complete with:
2 x BDC58 battery
1 x CDC68 charger
1 x EDC131 cable"	 $21,500.00 	MSP Office	
63000	27-Aug-08	P08155	Sokkia NET1m-II	101924	"SOKKIA NET1P51TN-22 Mono Mobile 3-D Station Complete with:
2 x BDC58 battery
1 x CDC68 charger
1 x EDC131 cable"	 $21,500.00 	MSP Office	
63829	16-Oct-08	P08174	Sokkia NET1m-II	102011	"SOKKIA NET1P51TN-22 Mono Mobile 3-D Station Complete with:
2 x BDC58 battery
1 x CDC68 charger
1 x EDC131 cable"	 $21,500.00 	MSP Office	
63829	16-Oct-08	P08174	Sokkia NET1m-II	102014	"SOKKIA NET1P51TN-22 Mono Mobile 3-D Station Complete with:
2 x BDC58 battery
1 x CDC68 charger
1 x EDC131 cable"	 $21,500.00 	MSP Office	
63829	16-Oct-08	P08174	Sokkia NET1m-II	102017	"SOKKIA NET1P51TN-22 Mono Mobile 3-D Station Complete with:
2 x BDC58 battery
1 x CDC68 charger
1 x EDC131 cable"	 $21,500.00 	MSP Office	
64689	5-Jan-09	P08195R & P08174	Sokkia NET1m-II	102178	"SOKKIA NET1P51TN-22 Mono Mobile 3-D Station Complete with:
2 x BDC58 battery
1 x CDC68 charger
1 x EDC131 cable"	 $21,500.00 	MSP Office	
64689	5-Jan-09	P08195R & P08174	Sokkia NET1m-II	102282	"SOKKIA NET1P51TN-22 Mono Mobile 3-D Station Complete with:
2 x BDC58 battery
1 x CDC68 charger
1 x EDC131 cable"	 $21,500.00 	MSP Office	
64689	5-Jan-09	P08195R & P08174	Sokkia NET1m-II	102285	"SOKKIA NET1P51TN-22 Mono Mobile 3-D Station Complete with:
2 x BDC58 battery
1 x CDC68 charger
1 x EDC131 cable"	 $21,500.00 	MSP Office	
MSP-0006	27-Mar-13	P1300060	Sokkia NET1m-II	102286	NET1AXT11T-21W (212021BA0) 3D Station	 USD 20,000.00 	MSP Office	
64740	8-Jan-09	P08195R	Sokkia NET1m-II	102292	"SOKKIA NET1P51TN-22 Mono Mobile 3-D Station Complete with:
2 x BDC58 battery
1 x CDC68 charger
1 x EDC131 cable"	 $21,500.00 	MSP Office	
64740	8-Jan-09	P08195R	Sokkia NET1m-II	102298	"SOKKIA NET1P51TN-22 Mono Mobile 3-D Station Complete with:
2 x BDC58 battery
1 x CDC68 charger
1 x EDC131 cable"	 $21,500.00 	MSP Office	
68440	9-Oct-09	P09115	Sokkia NET1m-II	102700	"SOKKIA NET1P51TN-22 Mono Mobile 3-D Station Complete with:
2 x BDC58 battery
1 x CDC68 charger
1 x EDC131 cable"	 $21,500.00 	MSP Office	
70129	1-Mar-10	P010005	Sokkia NET1m-II	102703	"SOKKIA NET1P51TN-22 Mono Mobile 3-D Station Complete with:
2 x BDC58 battery
1 x CDC68 charger
1 x EDC131 cable"	 $21,500.00 	MSP Office	
68282	17-Sep-09	P09107	Sokkia NET1m-II	102707	"SOKKIA NET1P51TN-22 Mono Mobile 3-D Station Complete with:
2 x BDC58 battery
1 x CDC68 charger
1 x EDC131 cable"	 $21,500.00 	MSP Office	
73752	20-Aug-10	P010077	Sokkia NET1m-II	102997	"SOKKIA NET1P51TN-22 Mono Mobile 3-D Station Complete with:
2 x BDC58 battery
1 x CDC68 charger
1 x EDC131 cable"	 $22,575.00 	MSP Office	No record instrument brought back from N1062 PIE AMMS (Stn 12)
69845	28-Jan-10	P09140	Sokkia NET1m-II	103003	"SOKKIA NET1P51TN-22 Mono Mobile 3-D Station Complete with:
2 x BDC58 battery
1 x CDC68 charger
1 x EDC131 cable"	 $21,500.00 	MSP Office	
69954	5-Feb-10	P09140	Sokkia NET1m-II	103005	"SOKKIA NET1P51TN-22 Mono Mobile 3-D Station Complete with:
2 x BDC58 battery
1 x CDC68 charger
1 x EDC131 cable"	 $21,500.00 	MSP Office	
74930	10-Feb-11	P11013	Sokkia NET1m-II	103047	"SOKKIA NET1P51TN-22 Mono Mobile 3-D Station Complete with:
2 x BDC58 battery
1 x CDC68 charger
1 x EDC131 cable"	 $22,575.00 	MSP Office	
74930	10-Feb-11	P11013	Sokkia NET1m-II	103103	"SOKKIA NET1P51TN-22 Mono Mobile 3-D Station Complete with:
2 x BDC58 battery
1 x CDC68 charger
1 x EDC131 cable"	 $22,575.00 	MSP Office	
75401	1-Mar-11	P11028	Sokkia NET1m-II	103116	"SOKKIA NET1P51TN-22 Mono Mobile 3-D Station Complete with:
2 x BDC58 battery
1 x CDC68 charger
1 x EDC131 cable"	 $22,575.00 	MSP Office	
S/I-002963	31-Dec-18	P1800229	Sokkia NET1AXTIIT/TE2	KH0355	"SOKKIA NET1AXT11T/TE2 Automated 3D Station complete with:
2 x BDC58 rechargeable battery
1 x CDC68 charger
1 x EDC113 cable for CDC68"	 $24,100.00 	MSP Office	
S/I-005199	10-Jul-19	P1900139	Sokkia NET1AXTIIT/TE2	KH0397	"SOKKIA NET1AXT11T/TE2 Automated 3D Station complete with:
2 x BDC58 rechargeable battery
1 x CDC68 charger
1 x EDC113 cable for CDC68"	 $24,100.00 	MSP Office	
S/I-005356	22-Jul-19	P1900139	Sokkia NET1AXTIIT/TE2	KH0458	"SOKKIA NET1AXT11T/TE2 Automated 3D Station complete with:
2 x BDC58 rechargeable battery
1 x CDC68 charger
1 x EDC113 cable for CDC68"	 $24,100.00 	MSP Office	
S/I-006829	25-Nov-19	P1900227	Sokkia NET1AXTIIT/TE2	KH0472	"SOKKIA NET1AXT11T/TE2 Automated 3D Station complete with:
2 x BDC58 rechargeable battery
1 x CDC68 charger
1 x EDC113 cable for CDC68"	 $21,300.00 	MSP Office	
S/I-006830	25-Nov-19	P1900225	Sokkia NET1AXTIIT/TE2	KH0479	"SOKKIA NET1AXT11T/TE2 Automated 3D Station complete with:
2 x BDC58 rechargeable battery
1 x CDC68 charger
1 x EDC113 cable for CDC68"	 $21,300.00 	MSP Office	
S/I-010541	6-Jan-21	P210002	Sokkia NET1AXTIIT/TE2	KH0528	"SOKKIA NET1AXT11T/TE2 Automated 3D Station complete with:
2 x BDC58 rechargeable battery
1 x CDC68 charger
1 x EDC113 cable for CDC68"	 $21,300.00 	MSP Office	
S/I-010424	15-Dec-20	P2000178	Sokkia NET1AXTIIT/TE2	KH0541	"SOKKIA NET1AXT11T/TE2 Automated 3D Station complete with:
2 x BDC58 rechargeable battery
1 x CDC68 charger
1 x EDC113 cable for CDC68"	 $21,300.00 	MSP Office	
TSP20/80790	10-Mar-21	P210053	Sokkia NET1AXTIIT/TE2	KH0632	NET1AXIIT/TE Measuring Station	 USD 14,500.00 	MSP Office	
TSP20/80790	10-Mar-21	P210053	Sokkia NET1AXTIIT/TE2	KH0633	NET1AXIIT/TE Measuring Station	 USD 14,500.00 	MSP Office	
S/D - 018045	11-Oct-21	P210121	Sokkia NET1AXII/TE	KH0645	"SOKKIA NETAX11T/TE 3D Ultra High-Precision 3D Station complete with:
2 x BDC72 battery
1 x CDC77 battery charger
1 x EDC113 Power Cable"	 $21,500.00 	MSP Office	
S/D - 018045	11-Oct-21	P210121	Sokkia NET1AXIIT/TE	KH0654	"SOKKIA NETAX11T/TE 3D Ultra High-Precision 3D Station complete with:
2 x BDC72 battery
1 x CDC77 battery charger
1 x EDC113 Power Cable"	 $21,500.00 	MSP Office	
S/I-22-10-0296	25-Oct-22	P220173	Sokkia NET1AXII/TE	KH0699	"SOKKIA NETAX11T/TE 3D Ultra High-Precision 3D Station complete with:
2 x BDC72 battery
1 x CDC77 battery charger
1 x EDC113 Power Cable"	 $22,300.00 	MSP Office	
S/I-013856	31-Oct-21	P210192	Sokkia IX-1001	UR005789	"Sokkia IX-1001 / SPBWT robotic total station complete with:
2 x BDC72 battery
1 x CDC77 quick charger
1 x Power cable"	 $11,215.00 	MSP Office	
S/I-013856	31-Oct-21	P210192	Sokkia IX-1001	UR005834	"Sokkia IX-1001 / SPBWT robotic total station complete with:
2 x BDC72 battery
1 x CDC77 quick charger
1 x Power cable"	 $11,215.00 	MSP Office	
S/D-019061	8-Dec-21	P210248	Sokkia IX-1001	UR006022	"Sokkia IX-1001 / SPBWT robotic total station complete with:
2 x BDC72 battery
1 x CDC77 quick charger
1 x Power cable"	 $11,215.00 	MSP Office	
S/I-23-02-0126	15-Feb-23	P220149	Sokkia IX-1201	XS001064	"Sokkia IX-1201 / SPBWT Automatic Tracking Function robotic total station complete with:
2 x BDC72 battery
1 x CDC77 quick charger
1 x Power cable
1 x thum drive"	 $16,500.00 	MSP Office	
S/D-019443	3-Jan-22	P210186	Sokkia NET1AXIIT/TE	KH0700	"SOKKIA NETAX11T/TE 3D Ultra High-Precision 3D Station complete with:
2 x BDC72 battery
1 x CDC77 battery charger
1 x EDC113 Power Cable"	 $21,500.00 	30 Nassim Road (CB)	30 Nassim Road
S/I-24-03-0106	15-Mar-24	P230224	Sokkia NET1AXIIT/TE	HX0105	"Automated 3D Station
SOKKIA NET1AXIIT/TE 3D Ultra High-Precision 3D station complete with:
2 x BDC72 battery
1 x CDC77 quick charger
1 x EDC113 Power cable"	 $22,300.00 	30 Nassim Road (WB)	30 Nassim Road
S/I-005199	10-Jul-19	P1900139	Sokkia NET1AXTIIT/TE2	KH0411	"SOKKIA NET1AXT11T/TE2 Automated 3D Station complete with:
2 x BDC58 rechargeable battery
1 x CDC68 charger
1 x EDC113 cable for CDC68"	 $24,100.00 	AM1062 (Tampines Viaduct)	AM1062
S/I-24-04-0107	9-Apr-24	P230224	Sokkia NET1AXIIT/TE	HX0158	"Automated 3D Station
SOKKIA NET1AXIIT/TE 3D Ultra High-Precision 3D station complete with:
2 x BDC72 battery
1 x CDC77 quick charger
1 x EDC113 Power cable"	 $22,302.00 	AM1062 (Tampines Median)	AM1062
S/I-006829	25-Nov-19	P1900227	Sokkia NET1AXTIIT/TE2	KH0486	"SOKKIA NET1AXT11T/TE2 Automated 3D Station complete with:
2 x BDC58 rechargeable battery
1 x CDC68 charger
1 x EDC113 cable for CDC68"	 $21,300.00 	SPPG Upper Thomson - Stn 1	BKSR Package 1
S/I-23-02-0126	15/2/2023	P220149	Sokkia IX-1201	XS001060	"Sokkia IX-1201 / SPBWT Automatic Tracking Function robotic total station complete with:
2 x BDC72 battery
1 x CDC77 quick charger
1 x Power cable
1 x thum drive"	 $16,500.00 	SPPG Upper Thomson - Stn 2	BKSR Package 1
S/I-005355	18-Jul-19	P1900139	Sokkia NET1AXTIIT/TE2	KH0429	"SOKKIA NET1AXT11T/TE2 Automated 3D Station complete with:
2 x BDC58 rechargeable battery
1 x CDC68 charger
1 x EDC113 cable for CDC68"	 $24,100.00 	SPPG Upper Thomson - Stn 3	BKSR Package 1
S/I-005354	15-Jul-19	P1900139	Sokkia NET1AXTIIT/TE2	KH0416	"SOKKIA NET1AXT11T/TE2 Automated 3D Station complete with:
2 x BDC58 rechargeable battery
1 x CDC68 charger
1 x EDC113 cable for CDC68"	 $24,100.00 	SPPG Upper Thomson - Stn 4	BKSR Package 1
S/I-005354	15-Jul-19	P1900139	Sokkia NET1AXTIIT/TE2	KH0422	"SOKKIA NET1AXT11T/TE2 Automated 3D Station complete with:
2 x BDC58 rechargeable battery
1 x CDC68 charger
1 x EDC113 cable for CDC68"	 $24,100.00 	SPPG Upper Thomson - Stn 5	BKSR Package 1
S/I-006830	25-Nov-19	P1900225	Sokkia NET1AXTIIT/TE2	KH0489	"SOKKIA NET1AXT11T/TE2 Automated 3D Station complete with:
2 x BDC58 rechargeable battery
1 x CDC68 charger
1 x EDC113 cable for CDC68"	 $21,300.00 	BKSR Package 2 (SPPG AMK - Stn 1)	BKSR Package 2
S/I-23-04-0324	28-Apr-23	P230055	Sokkia MS1AXII	KM0438	"SOKKIA MS1AXII Ultra High-Precision 3D station complete with:
2 x BDC70/72 battery
1 x CDC68/77 battery charger
1 x EDC113 Power cable
1 x Standard package components"	 $22,300.00 	BKSR Package 2 (SPPG AMK - Stn 2)	BKSR Package 2
TSP20/80790	10-Mar-21	P210053	Sokkia NET1AXTIIT/TE2	KH0611	NET1AXIIT/TE Measuring Station	 USD 14,500.00 	BKSR Package 2 (SPPG AMK - Stn 3)	BKSR Package 2
S/I-24-11-0309	29-Nov-24	P240128	Sokkia NET1AXIIT/TE	HX0211	"Automated 3D Station
SOKKIA NET1AXIIT/TE 3D Ultra High-Precision 3D station complete with:
2 x BDC72 battery
1 x CDC77 quick charger
1 x EDC113 Power cable"	 $22,300.00 	BKSR Package 4 (Lorong Chuan MRT - Stn 1) IB	BKSR Package 4 - CCL
S/I-005356	22-Jul-19	P1900139	Sokkia NET1AXTIIT/TE2	KH0456	"SOKKIA NET1AXT11T/TE2 Automated 3D Station complete with:
2 x BDC58 rechargeable battery
1 x CDC68 charger
1 x EDC113 cable for CDC68"	 $24,100.00 	BKSR Package 4 (Lorong Chuan MRT - Stn 2) IB	BKSR Package 4 - CCL
S/I-24-11-0309	29-Nov-24	P240128	Sokkia NET1AXIIT/TE	HX0209	"Automated 3D Station
SOKKIA NET1AXIIT/TE 3D Ultra High-Precision 3D station complete with:
2 x BDC72 battery
1 x CDC77 quick charger
1 x EDC113 Power cable"	 $22,300.00 	BKSR Package 4 (Lorong Chuan MRT - Stn 1) OB	BKSR Package 4 - CCL
S/I-006183	27-Sep-19	P1900182	Sokkia NET1AXTIIT/TE2	KH0424	"SOKKIA NET1AXT11T/TE2 Automated 3D Station complete with:
2 x BDC58 rechargeable battery
1 x CDC68 charger
1 x EDC113 cable for CDC68"	 $21,300.00 	BKSR Package 4 (Lorong Chuan MRT - Stn 2) OB	BKSR Package 4 - CCL
S/I-005354	15-Jul-19	P1900139	Sokkia NET1AXTIIT/TE2	KH0413	"SOKKIA NET1AXT11T/TE2 Automated 3D Station complete with:
2 x BDC58 rechargeable battery
1 x CDC68 charger
1 x EDC113 cable for CDC68"	 $24,100.00 	"CCK Town N1 - Bukit Panjang MRT Stn
(Bukit Panjang Bound - Stn 1)"	Choa Chu Kang Town N1
21/I00232	30-Apr-21	P210078	Sokkia NET1AXTIIT/TE2	KH0637	NET1AXIIT/TE Measuring Station	 USD 14,500.00 	"CCK Town N1 - Bukit Panjang MRT Stn
(Bukit Panjang Bound  - Stn 2)"	Choa Chu Kang Town N1
S/I-24-03-0203	22-Mar-24	P230224	Sokkia NET1AXIIT/TE	HX0090	"Automated 3D Station
SOKKIA NET1AXIIT/TE 3D Ultra High-Precision 3D station complete with:
2 x BDC72 battery
1 x CDC77 quick charger
1 x EDC113 Power cable"	 $22,300.00 	"CCK Town N1 - Bukit Panjang MRT Stn
(Bukit Panjang Bound - Stn 3)"	Choa Chu Kang Town N1
TPS20/80838	25-Mar-21	P210062	Sokkia NET1AXTIIT/TE2	KH0643	NET1AXIIT/TE Measuring Station	 USD 14,500.00 	"CCK Town N1 - Bukit Panjang MRT Stn
(Bukit Panjang Bound - Stn 4)"	Choa Chu Kang Town N1
S/I-005356	18-Jul-19	P1900139	Sokkia NET1AXTIIT/TE2	KH0450	"SOKKIA NET1AXT11T/TE2 Automated 3D Station complete with:
2 x BDC58 rechargeable battery
1 x CDC68 charger
1 x EDC113 cable for CDC68"	 $24,100.00 	"CCK Town N1 - Bukit Panjang MRT Stn
(Bukit Panjang Bound - Stn 5)"	Choa Chu Kang Town N1
S/I-24-03-0107	15-Mar-24	P230224	Sokkia NET1AXIIT/TE	HX0109	"Automated 3D Station
SOKKIA NET1AXIIT/TE 3D Ultra High-Precision 3D station complete with:
2 x BDC72 battery
1 x CDC77 quick charger
1 x EDC113 Power cable"	 $22,300.00 	"CCK Town N1 - Bukit Panjang MRT Stn
(Bukit Panjang Bound - Stn 6)"	Choa Chu Kang Town N1
S/I-24-05-0036	8-May-24	P240058	Sokkia NET1AXIIT/TE	HX0180	"Automated 3D Station
SOKKIA NET1AXIIT/TE 3D Ultra High-Precision 3D station complete with:
2 x BDC72 battery
1 x CDC77 quick charger
1 x EDC113 Power cable"	 $22,300.00 	"CCK Town N1 - Bukit Panjang MRT Stn
(Bukit Panjang Bound - Stn 7)"	Choa Chu Kang Town N1
S/I-24-05-0172	20-May-24	P240058	Sokkia NET1AXIIT/TE	HX0107	"Automated 3D Station
SOKKIA NET1AXIIT/TE 3D Ultra High-Precision 3D station complete with:
2 x BDC72 battery
1 x CDC77 quick charger
1 x EDC113 Power cable"	 $22,300.00 	"CCK Town N1 - Bukit Panjang MRT Stn
(Bukit Panjang Bound - Stn 8)"	Choa Chu Kang Town N1
S/I-23-04-0324	28-Apr-23	P230055	Sokkia MS1AXII	KM0437	"SOKKIA MS1AXII Ultra High-Precision 3D station complete with:
2 x BDC70/72 battery
1 x CDC68/77 battery charger
1 x EDC113 Power cable
1 x Standard package components"	 $22,300.00 	CR102 Site - Stn 2	CR102
S/D-019443	3-Jan-22	P210186	Sokkia NET1AXII/TE	KH0671	"SOKKIA NETAX11T/TE 3D Ultra High-Precision 3D Station complete with:
2 x BDC72 battery
1 x CDC77 battery charger
1 x EDC113 Power Cable"	 $21,500.00 	CR102 Site - Stn 3	CR102
S/I-23-11-0029	7-Nov-23	P230162	Sokkia NET1AXIIT/TE	HX0075	"Automated 3D Station
SOKKIA NET1AXIIT/TE 3D Ultra High-Precision 3D station complete with:
2 x BDC72 battery
1 x CDC77 quick charger
1 x EDC113 Power cable"	 $22,300.00 	CR102 Land Slide Site - Stn 4	CR102
S/I-005199	10-Jul-19	P1900139	Sokkia NET1AXTIIT/TE2	KH0395	"SOKKIA NET1AXT11T/TE2 Automated 3D Station complete with:
2 x BDC58 rechargeable battery
1 x CDC68 charger
1 x EDC113 cable for CDC68"	 $24,100.00 	CR102 Land Slide Site - Stn 6	CR102
S/I-24-04-0107	9-Apr-24	P230224	Sokkia NET1AXIIT/TE	HX0089	"Automated 3D Station
SOKKIA NET1AXIIT/TE 3D Ultra High-Precision 3D station complete with:
2 x BDC72 battery
1 x CDC77 quick charger
1 x EDC113 Power cable"	 $22,301.00 	CR102 Land Slide Site - Stn 7	CR102
S/I-013856	31-Oct-21	P210192	Sokkia IX-1001	UR005833	"Sokkia IX-1001 / SPBWT robotic total station complete with:
2 x BDC72 battery
1 x CDC77 quick charger
1 x Power cable"	 $11,215.00 	CR103 Stn 1	CR103
S/I-23-04-0323	28-Apr-23	P230055	Sokkia IX-1201	XS001492	"Robotic Total Station
SOKKIA IX-1201 / SPBWT (P/N 1042639-20) Auto Tracking Function robotic total station complete with:
2 x BDC72 battery
1 x CDC77 quick charger
1 x Power cable
1 x thumb drive"	 $16,500.00 	CR103 Stn 2	CR103
S/D - 018045	11-Oct-21	P210121	Sokkia IX-1001	UR005865	"Sokkia IX-1001 / SPBWT robotic total station complete with:
2 x BDC72 battery
1 x CDC77 quick charger
1 x Power cable"	 $11,215.00 	CR103 Stn 3	CR103
S/I-006434	22-Oct-19	P1900202	Sokkia NET1AXTIIT/TE2	KH0476	"SOKKIA NET1AXT11T/TE2 Automated 3D Station complete with:
2 x BDC58 rechargeable battery
1 x CDC68 charger
1 x EDC113 cable for CDC68"	 $21,300.00 	CR105 Stn 6	CR105
S/I-23-11-0029	7-Nov-23	P230162	Sokkia NET1AXIIT/TE	HX0091	"Automated 3D Station
SOKKIA NET1AXIIT/TE 3D Ultra High-Precision 3D station complete with:
2 x BDC72 battery
1 x CDC77 quick charger
1 x EDC113 Power cable"	 $22,300.00 	CR105 Stn 7	CR105
S/I-23-10-0244	20-Oct-23	P230162	Sokkia IX-1201	XS001528	"Robotic Total Station
SOKKIA IX-1201 / SPBWT (P/N 1042639-20) Auto Tracking Function robotic total station complete with:
2 x BDC72 battery
1 x CDC77 quick charger
1 x Power cable
1 x thumb drive"	 $16,500.00 	CR105 Stn 8	CR105
S/D-019061	8-Dec-21	P210248	Sokkia IX-1201	XS000871	"Sokkia IX-1001 / SPBWT robotic total station complete with:
2 x BDC72 battery
1 x CDC77 quick charger
1 x Power cable"	 $11,215.00 	CR105 Stn 9	CR105
S/I-005355	18-Jul-19	P1900139	Sokkia NET1AXTIIT/TE2	KH0430	"SOKKIA NET1AXT11T/TE2 Automated 3D Station complete with:
2 x BDC58 rechargeable battery
1 x CDC68 charger
1 x EDC113 cable for CDC68"	 $24,100.00 	CR105 Stn 11	CR105
S/I-24-03-0107	15-Mar-24	P230224	Sokkia NET1AXIIT/TE	HX0098	"Automated 3D Station
SOKKIA NET1AXIIT/TE 3D Ultra High-Precision 3D station complete with:
2 x BDC72 battery
1 x CDC77 quick charger
1 x EDC113 Power cable"	 $22,300.00 	CR105 Stn 12	CR105
S/I-24-03-0107	15-Mar-24	P230224	Sokkia NET1AXIIT/TE	HX0114	"Automated 3D Station
SOKKIA NET1AXIIT/TE 3D Ultra High-Precision 3D station complete with:
2 x BDC72 battery
1 x CDC77 quick charger
1 x EDC113 Power cable"	 $22,300.00 	CR105 Stn 13	CR105
S/I-002963	31-Dec-18	P1800229	Sokkia NET1AXTIIT/TE2	KH0332	"SOKKIA NET1AXT11T/TE2 Automated 3D Station complete with:
2 x BDC58 rechargeable battery
1 x CDC68 charger
1 x EDC113 cable for CDC68"	 $24,100.00 	CR105 Stn 14	CR105
S/I-24-05-0036	8-May-24	P240058	Sokkia NET1AXIIT/TE	HX0179	"Automated 3D Station
SOKKIA NET1AXIIT/TE 3D Ultra High-Precision 3D station complete with:
2 x BDC72 battery
1 x CDC77 quick charger
1 x EDC113 Power cable"	 $22,300.00 	CR105 Stn 15	CR105
S/I-005355	18-Jul-19	P1900139	Sokkia NET1AXTIIT/TE2	KH0438	"SOKKIA NET1AXT11T/TE2 Automated 3D Station complete with:
2 x BDC58 rechargeable battery
1 x CDC68 charger
1 x EDC113 cable for CDC68"	 $24,100.00 	CR116 AMK Stn 1	CR116 AMK
TSP20/80790	10-Mar-21	P210053	Sokkia NET1AXTIIT/TE2	KH0627	NET1AXIIT/TE Measuring Station	 $14,500.00 	CR116 AMK Stn 2	CR116 AMK
S/I-002963	31-Dec-18	P1800229	Sokkia NET1AXTIIT/TE2	KH0338	"SOKKIA NET1AXT11T/TE2 Automated 3D Station complete with:
2 x BDC58 rechargeable battery
1 x CDC68 charger
1 x EDC113 cable for CDC68"	 $24,100.00 	CR116 AMK Stn 3	CR116 AMK
85999	3-Jan-13	P1200199	Sokkia NET1AX	102167	"SOKKIA NET1AXT51TM-21 Automated 3-D Station Complete with:
2 x BDC58 rechargeable battery
1 x CDC68 charger
1 x EDC113 cable for CDC68"	 $26,250.00 	CR116 AMK Stn 5	CR116 AMK
77979	5-Sep-11	P11116	Sokkia NET1AX	101115	"SOKKIA NET1AXT51TM-21 Automated 3-D Station Complete with:
2 x BDC58 rechargeable battery
1 x CDC68 charger
1 x EDC113 cable for CDC68"	 $26,250.00 	CR116 AMK Stn 6	CR116 AMK
S/I-24-04-0111	9-Apr-24	P240058	Sokkia NET1AXIIT/TE	HX0160	"Automated 3D Station
SOKKIA NET1AXIIT/TE 3D Ultra High-Precision 3D station complete with:
2 x BDC72 battery
1 x CDC77 quick charger
1 x EDC113 Power cable"	 $22,300.00 	CR116 AMK Stn 7	CR116 AMK
MSP-0018	7-Feb-14	P1400008	Sokkia NET1AXIIT/TE2	KH0051	NET1AXIIT/TE2	 USD 15,890.00 	CR116 AMK Stn 8	CR116 AMK
S/D - 018045	11-Oct-21	P210121	Sokkia NET1AXIIT/TE	KH0651	"SOKKIA NETAX11T/TE 3D Ultra High-Precision 3D Station complete with:
2 x BDC72 battery
1 x CDC77 battery charger
1 x EDC113 Power Cable"	 $21,500.00 	CR116 AMK Stn 9	CR116 AMK
S/I-24-03-0106	15-Mar-24	P230224	Sokkia NET1AXIIT/TE	HX0116	"Automated 3D Station
SOKKIA NET1AXIIT/TE 3D Ultra High-Precision 3D station complete with:
2 x BDC72 battery
1 x CDC77 quick charger
1 x EDC113 Power cable"	 $22,300.00 	CR116 AMK Stn 10	CR116 AMK
S/I-005355	18-Jul-19	P1900139	Sokkia NET1AXTIIT/TE2	KH0432	"SOKKIA NET1AXT11T/TE2 Automated 3D Station complete with:
2 x BDC58 rechargeable battery
1 x CDC68 charger
1 x EDC113 cable for CDC68"	 $24,100.00 	CR116i AMK Stn 1	CR116i AMK
S/I-007271	27-Dec-19	P1900259	Sokkia NET1AXTIIT/TE2	KH0513	"SOKKIA NET1AXT11T/TE2 Automated 3D Station complete with:
2 x BDC58 rechargeable battery
1 x CDC68 charger
1 x EDC113 cable for CDC68"	 $21,300.00 	CR116i AMK Stn 2	CR116i AMK
S/I-23-04-0324	28-Apr-23	P230055	Sokkia MS1AXII	KM0435	"SOKKIA MS1AXII Ultra High-Precision 3D station complete with:
2 x BDC70/72 battery
1 x CDC68/77 battery charger
1 x EDC113 Power cable
1 x Standard package components"	 $22,300.00 	CR116i AMK Stn 3	CR116i AMK
S/I-002963	31-Dec-18	P1800229	Sokkia NET1AXTIIT/TE2	KH0354	"SOKKIA NET1AXT11T/TE2 Automated 3D Station complete with:
2 x BDC58 rechargeable battery
1 x CDC68 charger
1 x EDC113 cable for CDC68"	 $24,100.00 	CR116i AMK Stn 4	CR116i AMK
S/I-005356	22-Jul-19	P1900139	Sokkia NET1AXTIIT/TE2	KH0507	"SOKKIA NET1AXT11T/TE2 Automated 3D Station complete with:
2 x BDC58 rechargeable battery
1 x CDC68 charger
1 x EDC113 cable for CDC68"	 $24,100.00 	CR2112 AYE Stn 1	CR2112 AYE
S/I-23-11-0029	7-Nov-23	P230162	Sokkia NET1AXIIT/TE	HX0115	"Automated 3D Station
SOKKIA NET1AXIIT/TE 3D Ultra High-Precision 3D station complete with:
2 x BDC72 battery
1 x CDC77 quick charger
1 x EDC113 Power cable"	 $22,300.00 	DE160 (BB Bound - Stn 1)	DE160
S/I-011315	11-Mar-21	P210059	Sokkia NET1AXTIIT/TE2	KH0605	"SOKKIA NET1AXT11T/TE2 3D Ultra High-Precision 3D Station complete with:
2 x BDC70 battery
1 x CDC68A battery charger
1 x EDC113 Power cable"	 $21,300.00 	DE160 (BB Bound - Stn 2)	DE160
S/I-23-10-0153	13-Oct-23	P230162	Sokkia NET1AXIIT/TE	HX0123	"Automated 3D Station
SOKKIA NET1AXIIT/TE 3D Ultra High-Precision 3D station complete with:
2 x BDC72 battery
1 x CDC77 quick charger
1 x EDC113 Power cable"	 $22,300.00 	DE160 (BB Bound - Stn 3)	DE160
S/I-010541	6-Jan-21	P210002	Sokkia NET1AXTIIT/TE2	KH0533	"SOKKIA NET1AXT11T/TE2 Automated 3D Station complete with:
2 x BDC58 rechargeable battery
1 x CDC68 charger
1 x EDC113 cable for CDC68"	 $21,300.00 	DE160 (BB Bound - Stn 4)	DE160
S/I-23-10-0153	13-Oct-23	P230162	Sokkia NET1AXIIT/TE	HX0083	"Automated 3D Station
SOKKIA NET1AXIIT/TE 3D Ultra High-Precision 3D station complete with:
2 x BDC72 battery
1 x CDC77 quick charger
1 x EDC113 Power cable"	 $22,300.00 	DE160 (BB Bound - Stn 5)	DE160
S/I-010541	6-Jan-21	P210002	Sokkia NET1AXTIIT/TE2	KH0558	"SOKKIA NET1AXT11T/TE2 Automated 3D Station complete with:
2 x BDC58 rechargeable battery
1 x CDC68 charger
1 x EDC113 cable for CDC68"	 $21,300.00 	DE160 (Expo Bound - Stn 1)	DE160
S/I-011315	11-Mar-21	P210059	Sokkia NET1AXTIIT/TE2	KH0606	"SOKKIA NET1AXT11T/TE2 3D Ultra High-Precision 3D Station complete with:
2 x BDC70 battery
1 x CDC68A battery charger
1 x EDC113 Power cable"	 $21,300.00 	DE160 (Expo Bound - Stn 2)	DE160
S/I-23-10-0153	13-Oct-23	P230162	Sokkia NET1AXIIT/TE	HX0080	"Automated 3D Station
SOKKIA NET1AXIIT/TE 3D Ultra High-Precision 3D station complete with:
2 x BDC72 battery
1 x CDC77 quick charger
1 x EDC113 Power cable"	 $22,300.00 	DE160 (Expo Bound - Stn 3)	DE160
S/I-23-10-0153	13-Oct-23	P230162	Sokkia NET1AXIIT/TE	HX0120	"Automated 3D Station
SOKKIA NET1AXIIT/TE 3D Ultra High-Precision 3D station complete with:
2 x BDC72 battery
1 x CDC77 quick charger
1 x EDC113 Power cable"	 $22,300.00 	DE160 (Expo Bound - Stn 4)	DE160
S/I-23-10-0153	13-Oct-23	P230162	Sokkia NET1AXIIT/TE	HX0073	"Automated 3D Station
SOKKIA NET1AXIIT/TE 3D Ultra High-Precision 3D station complete with:
2 x BDC72 battery
1 x CDC77 quick charger
1 x EDC113 Power cable"	 $22,300.00 	DE160 (Expo Bound - Stn 5)	DE160
S/I-005356	22-Jul-19	P1900139	Sokkia NET1AXTIIT/TE2	KH0453	"SOKKIA NET1AXT11T/TE2 Automated 3D Station complete with:
2 x BDC58 rechargeable battery
1 x CDC68 charger
1 x EDC113 cable for CDC68"	 $24,100.00 	"East Spring Sec Sch - Tamp East MRT Stn 
(Stn 1 - BB Bound)"	East Spring Sec Sch (ESSS)
S/I-002963	31-Dec-18	P1800229	Sokkia NET1AXTIIT/TE2	KH0359	"SOKKIA NET1AXT11T/TE2 Automated 3D Station complete with:
2 x BDC58 rechargeable battery
1 x CDC68 charger
1 x EDC113 cable for CDC68"	 $24,100.00 	FMBE (Changi Bound) Stn 1	FMBE
TSP20/80790	10-Mar-21	P210053	Sokkia NET1AXTIIT/TE2	KH0634	NET1AXIIT/TE Measuring Station	 $14,500.00 	FMBE (Changi Bound) Stn 2	FMBE
S/I-010541	6-Jan-21	P210002	Sokkia NET1AXTIIT/TE2	KH0578	"SOKKIA NET1AXT11T/TE2 Automated 3D Station complete with:
2 x BDC58 rechargeable battery
1 x CDC68 charger
1 x EDC113 cable for CDC68"	 $21,300.00 	FMBE (Changi Bound) Stn 3	FMBE
S/I-007309	7-Jan-20	P2000003	Sokkia NET1AXTIIT/TE2	KH0531	"SOKKIA NET1AXT11T/TE2 Automated 3D Station complete with:
2 x BDC58 rechargeable battery
1 x CDC68 charger
1 x EDC113 cable for CDC68"	 $21,300.00 	FMBE (Changi Bound) Stn 4	FMBE
S/I-005355	18-Jul-19	P1900139	Sokkia NET1AXTIIT/TE2	KH0439	"SOKKIA NET1AXT11T/TE2 Automated 3D Station complete with:
2 x BDC58 rechargeable battery
1 x CDC68 charger
1 x EDC113 cable for CDC68"	 $24,100.00 	FMBE (Changi Bound) Stn 5	FMBE
S/I-010541	6-Jan-21	P210002	Sokkia NET1AXTIIT/TE2	KH0585	"SOKKIA NET1AXT11T/TE2 Automated 3D Station complete with:
2 x BDC58 rechargeable battery
1 x CDC68 charger
1 x EDC113 cable for CDC68"	 $21,300.00 	FMBE (Changi Bound) Stn 6	FMBE
S/D-019443	3-Jan-22	P210186	Sokkia NET1AXII/TE	KH0655	"SOKKIA NETAX11T/TE 3D Ultra High-Precision 3D Station complete with:
2 x BDC72 battery
1 x CDC77 battery charger
1 x EDC113 Power Cable"	 $21,500.00 	FMBE (Changi Bound) Stn 7	FMBE
TSP20/80790	10-Mar-21	P210053	Sokkia NET1AXTIIT/TE2	KH0625	NET1AXIIT/TE Measuring Station	 USD 14,500.00 	FMBE (Changi Bound) Stn 8	FMBE
S/I-23-04-0324	28-Apr-23	P230055	Sokkia MS1AXII	KM0430	"SOKKIA MS1AXII Ultra High-Precision 3D station complete with:
2 x BDC70/72 battery
1 x CDC68/77 battery charger
1 x EDC113 Power cable
1 x Standard package components"	 $22,300.00 	FMBE (Changi Bound) Stn 9	FMBE
S/I-010424	15-Dec-20	P2000178	Sokkia NET1AXTIIT/TE2	KH0561	"SOKKIA NET1AXT11T/TE2 Automated 3D Station complete with:
2 x BDC58 rechargeable battery
1 x CDC68 charger
1 x EDC113 cable for CDC68"	 $21,300.00 	FMBE (Changi Bound) Stn 10	FMBE
S/I-005356	22-Jul-19	P1900139	Sokkia NET1AXTIIT/TE2	KH0592	"SOKKIA NET1AXT11T/TE2 Automated 3D Station complete with:
2 x BDC58 rechargeable battery
1 x CDC68 charger
1 x EDC113 cable for CDC68"	 $24,100.00 	FMBE (Changi Bound) Stn 11	FMBE
S/I-005199	10-Jul-19	P1900139	Sokkia NET1AXTIIT/TE2	KH0406	"SOKKIA NET1AXT11T/TE2 Automated 3D Station complete with:
2 x BDC58 rechargeable battery
1 x CDC68 charger
1 x EDC113 cable for CDC68"	 $24,100.00 	FMBE (Woodland Bound) Stn 1	FMBE
S/I-010541	6-Jan-21	P210002	Sokkia NET1AXTIIT/TE2	KH0554	"SOKKIA NET1AXT11T/TE2 Automated 3D Station complete with:
2 x BDC58 rechargeable battery
1 x CDC68 charger
1 x EDC113 cable for CDC68"	 $21,300.00 	FMBE (Woodland Bound) Stn 2	FMBE
S/I-006183	27-Sep-19	P1900182	Sokkia NET1AXTIIT/TE2	KH0461	"SOKKIA NET1AXT11T/TE2 Automated 3D Station complete with:
2 x BDC58 rechargeable battery
1 x CDC68 charger
1 x EDC113 cable for CDC68"	 $21,300.00 	FMBE (Woodland Bound) Stn 3	FMBE
S/I-24-03-0106	15-Mar-24	P230224	Sokkia NET1AXIIT/TE	HX0108	"Automated 3D Station
SOKKIA NET1AXIIT/TE 3D Ultra High-Precision 3D station complete with:
2 x BDC72 battery
1 x CDC77 quick charger
1 x EDC113 Power cable"	 $22,300.00 	FMBE (Woodland Bound) Stn 4	FMBE
S/I-005199	10-Jul-19	P1900139	Sokkia NET1AXTIIT/TE2	KH0398	"SOKKIA NET1AXT11T/TE2 Automated 3D Station complete with:
2 x BDC58 rechargeable battery
1 x CDC68 charger
1 x EDC113 cable for CDC68"	 $24,100.00 	FMBE (Woodland Bound) Stn 5	FMBE
S/I-006829	25-Nov-19	P1900227	Sokkia NET1AXTIIT/TE2	KH0492	"SOKKIA NET1AXT11T/TE2 Automated 3D Station complete with:
2 x BDC58 rechargeable battery
1 x CDC68 charger
1 x EDC113 cable for CDC68"	 $21,300.00 	FMBE (Woodland Bound) Stn 6	FMBE
S/I-005354	15-Jul-19	P1900139	Sokkia NET1AXTIIT/TE2	KH0410	"SOKKIA NET1AXT11T/TE2 Automated 3D Station complete with:
2 x BDC58 rechargeable battery
1 x CDC68 charger
1 x EDC113 cable for CDC68"	 $24,100.00 	FMBE (Woodland Bound) Stn 7	FMBE
S/I-005354	15-Jul-19	P1900139	Sokkia NET1AXTIIT/TE2	KH0421	"SOKKIA NET1AXT11T/TE2 Automated 3D Station complete with:
2 x BDC58 rechargeable battery
1 x CDC68 charger
1 x EDC113 cable for CDC68"	 $24,100.00 	FMBE (Woodland Bound) Stn 8	FMBE
S/I-005356	22-Jul-19	P1900139	Sokkia NET1AXTIIT/TE2	KH0451	"SOKKIA NET1AXT11T/TE2 Automated 3D Station complete with:
2 x BDC58 rechargeable battery
1 x CDC68 charger
1 x EDC113 cable for CDC68"	 $24,100.00 	FMBE (Woodland Bound) Stn 9	FMBE
S/I-23-04-0324	28-Apr-23	P230055	Sokkia MS1AXII	KM0428	"SOKKIA MS1AXII Ultra High-Precision 3D station complete with:
2 x BDC70/72 battery
1 x CDC68/77 battery charger
1 x EDC113 Power cable
1 x Standard package components"	 $22,300.00 	FMBE (Woodland Bound) Stn 10	FMBE
TSP20/80790	10-Mar-21	P210053	Sokkia NET1AXTIIT/TE2	KH0617	NET1AXIIT/TE Measuring Station	 $21,500.00 	FMBE (Woodland Bound) Stn 11	FMBE
S/I-006829	25-Nov-19	P1900227	Sokkia NET1AXTIIT/TE2	KH0480	"SOKKIA NET1AXT11T/TE2 Automated 3D Station complete with:
2 x BDC58 rechargeable battery
1 x CDC68 charger
1 x EDC113 cable for CDC68"	 $21,300.00 	IWMF (Stn 1)	IWMF
S/I-011315	11-Mar-21	P210059	Sokkia NET1AXTIIT/TE2	KH0607	"SOKKIA NET1AXT11T/TE2 3D Ultra High-Precision 3D Station complete with:
2 x BDC70 battery
1 x CDC68A battery charger
1 x EDC113 Power cable"	 $21,300.00 	IWMF (Stn 2)	IWMF
S/I-24-03-0203	22-Mar-24	P230224	Sokkia NET1AXIIT/TE	HX0100	"Automated 3D Station
SOKKIA NET1AXIIT/TE 3D Ultra High-Precision 3D station complete with:
2 x BDC72 battery
1 x CDC77 quick charger
1 x EDC113 Power cable"	 $22,300.00 	IWMF (Stn 3)	IWMF
S/I-006829	25-Nov-19	P1900227	Sokkia NET1AXTIIT/TE2	KH0475	"SOKKIA NET1AXT11T/TE2 Automated 3D Station complete with:
2 x BDC58 rechargeable battery
1 x CDC68 charger
1 x EDC113 cable for CDC68"	 $21,300.00 	IWMF (Stn 4)	IWMF
S/I-005356	22-Jul-19	P1900139	Sokkia NET1AXTIIT/TE2	KH0454	"SOKKIA NET1AXT11T/TE2 Automated 3D Station complete with:
2 x BDC58 rechargeable battery
1 x CDC68 charger
1 x EDC113 cable for CDC68"	 $24,100.00 	J112 Jurong Pier Viaduct (Stn 1)	J112
TPS20/80838	25-Mar-21	P210062	Sokkia NET1AXTIIT/TE2	KH0638	NET1AXIIT/TE Measuring Station	 USD 14,500.00 	J112 Jurong Pier Viaduct (Stn 2)	J112
S/I-002963	31-Dec-18	P1800229	Sokkia NET1AXTIIT/TE2	KH0356	"SOKKIA NET1AXT11T/TE2 Automated 3D Station complete with:
2 x BDC58 rechargeable battery
1 x CDC68 charger
1 x EDC113 cable for CDC68"	 $24,100.00 	J112 Jurong Pier Viaduct (Stn 3)	J112
S/I-010424	15-Dec-20	P2000178	Sokkia NET1AXTIIT/TE2	KH0525	"SOKKIA NET1AXT11T/TE2 Automated 3D Station complete with:
2 x BDC58 rechargeable battery
1 x CDC68 charger
1 x EDC113 cable for CDC68"	 $21,300.00 	J112 Jurong Pier Viaduct (Stn 4)	J112
S/I-23-11-0029	7-Nov-23	P230162	Sokkia NET1AXIIT/TE	HX0082	"Automated 3D Station
SOKKIA NET1AXIIT/TE 3D Ultra High-Precision 3D station complete with:
2 x BDC72 battery
1 x CDC77 quick charger
1 x EDC113 Power cable"	 $22,300.00 	J112 Jurong Pier Viaduct (Stn 5)	J112
21/I00232	30-Apr-21	P210078	Sokkia NET1AXTIIT/TE2	KH0642	NET1AXIIT/TE Measuring Station	 USD 14,500.00 	J112 Jurong Pier Viaduct (Stn 6)	J112
S/I-007271	27-Dec-19	P1900259	Sokkia NET1AXTIIT/TE2	KH0516	"SOKKIA NET1AXT11T/TE2 Automated 3D Station complete with:
2 x BDC58 rechargeable battery
1 x CDC68 charger
1 x EDC113 cable for CDC68"	 $21,300.00 	Kallang Whampoa HDB (Stn 1) NB	Kallang Whampoa HDB
S/I-24-04-0035	4-Apr-24	P230224	Sokkia NET1AXIIT/TE	HX0086	"Automated 3D Station
SOKKIA NET1AXIIT/TE 3D Ultra High-Precision 3D station complete with:
2 x BDC72 battery
1 x CDC77 quick charger
1 x EDC113 Power cable"	 $22,300.00 	Kallang Whampoa HDB (Stn 2) NB	Kallang Whampoa HDB
S/I-005355	18-Jul-19	P1900139	Sokkia NET1AXTIIT/TE2	KH0434	"SOKKIA NET1AXT11T/TE2 Automated 3D Station complete with:
2 x BDC58 rechargeable battery
1 x CDC68 charger
1 x EDC113 cable for CDC68"	 $24,100.00 	Kallang Whampoa HDB (Stn 1) SB	Kallang Whampoa HDB
TPS20/80838	25-Mar-21	P210062	Sokkia NET1AXTIIT/TE2	KH0647	NET1AXIIT/TE Measuring Station	 USD 14,500.00 	Kallang Whampoa HDB (Stn 2) SB	Kallang Whampoa HDB
S/I-011315	11-Mar-21	P210059	Sokkia NET1AXTIIT/TE2	KH0608	"SOKKIA NET1AXT11T/TE2 3D Ultra High-Precision 3D Station complete with:
2 x BDC70 battery
1 x CDC68A battery charger
1 x EDC113 Power cable"	 $21,300.00 	Kallang Whampoa HDB (Stn 1) MT CB	Kallang Whampoa HDB
S/I-006434	22-Oct-19	P1900202	Sokkia NET1AXTIIT/TE2	KH0481	"SOKKIA NET1AXT11T/TE2 Automated 3D Station complete with:
2 x BDC58 rechargeable battery
1 x CDC68 charger
1 x EDC113 cable for CDC68"	 $21,300.00 	Kallang Whampoa HDB (Stn 2) MT CB	Kallang Whampoa HDB
S/I-010424	15-Dec-20	P2000178	Sokkia NET1AXTIIT/TE2	KH0544	"SOKKIA NET1AXT11T/TE2 Automated 3D Station complete with:
2 x BDC58 rechargeable battery
1 x CDC68 charger
1 x EDC113 cable for CDC68"	 $21,300.00 	Marina Bay Sand	MBS
S/I-007002	6-Dec-19	P1900239	Sokkia NET1AXTIIT/TE2	KH0497	"SOKKIA NET1AXT11T/TE2 Automated 3D Station complete with:
2 x BDC58 rechargeable battery
1 x CDC68 charger
1 x EDC113 cable for CDC68"	 $21,300.00 	Merpati Road - Mattar MRT Stn 1 (BP Bound)	Merpati Road
S/I-007284	31-Dec-19	P1900261	Sokkia NET1AXTIIT/TE2	KH0515	"SOKKIA NET1AXT11T/TE2 Automated 3D Station complete with:
2 x BDC58 rechargeable battery
1 x CDC68 charger
1 x EDC113 cable for CDC68"	 $21,300.00 	Merpati Road - Mattar MRT Stn 1 (Expo Bound)	Merpati Road
S/I-23-04-0323	28-Apr-23	P230055	Sokkia IX-1201	XS001519	"Sokkia IX-1201 / SPBWT Automatic Tracking Function robotic total station complete with:
2 x BDC72 battery
1 x CDC77 quick charger
1 x Power cable
1 x thum drive"	 $16,500.00 	N112 (SPPG Mandai) - Stn 1	N112
S/D - 018045	11-Oct-21	P210121	Sokkia NET1AXII/TE	KH0650	"SOKKIA NETAX11T/TE 3D Ultra High-Precision 3D Station complete with:
2 x BDC72 battery
1 x CDC77 battery charger
1 x EDC113 Power Cable"	 $21,500.00 	N112 (SPPG Mandai) - Stn 2	N112
S/I-23-04-0323	28-Apr-23	P230055	Sokkia IX-1201	XS001439	"Sokkia IX-1201 / SPBWT Automatic Tracking Function robotic total station complete with:
2 x BDC72 battery
1 x CDC77 quick charger
1 x Power cable
1 x thum drive"	 $16,500.00 	N112 (SPPG Mandai) - Stn 3	N112
S/D-003586	31-Dec-22	P220149	Sokkia IX-1201	XS000776	"Sokkia IX-1201 / SPBWT Automatic Tracking Function robotic total station complete with:
2 x BDC72 battery
1 x CDC77 quick charger
1 x Power cable
1 x thum drive"	 $16,500.00 	N112 (SPPG Mandai) - Stn 4	N112
S/I-22-08-0123	12-Aug-22	P220010	Sokkia NET1AXII/TE	KH0705	"SOKKIA NETAX11T/TE 3D Ultra High-Precision 3D Station complete with:
2 x BDC72 battery
1 x CDC77 battery charger
1 x EDC113 Power Cable"	 $22,300.00 	N112 (SPPG Mandai) Stn 5	N112
S/I-23-02-0126	15/2/2023	P220149	Sokkia IX-1001	UR005895	"Sokkia IX-1201 / SPBWT Automatic Tracking Function robotic total station complete with:
2 x BDC72 battery
1 x CDC77 quick charger
1 x Power cable
1 x thum drive"	 $16,500.00 	N112 (SPPG Mandai) Stn 6	N112
S/D-018478	1-Nov	P210225	Sokkia IX-1001	UR005841	"Sokkia IX-1001 / SPBWT robotic total station complete with:
2 x BDC72 battery
1 x CDC77 quick charger
1 x Power cable"	 $11,215.00 	N112 (SPPG Mandai) Stn 7	N112
S/D-018478	1-Nov	P210225	Sokkia IX-1001	UR006021	"Sokkia IX-1001 / SPBWT robotic total station complete with:
2 x BDC72 battery
1 x CDC77 quick charger
1 x Power cable"	 $11,215.00 	N112 (SPPG Mandai) Stn 8	N112
S/D-018478	1-Nov	P210225	Sokkia IX-1001	UR006028	"Sokkia IX-1001 / SPBWT robotic total station complete with:
2 x BDC72 battery
1 x CDC77 quick charger
1 x Power cable"	 $11,215.00 	N112 (SPPG Mandai) Stn 9	N112
S/I-23-10-0244	20-Oct-23	P230162	Sokkia IX-1201	XS001565	"Robotic Total Station
SOKKIA IX-1201 / SPBWT (P/N 1042639-20) Auto Tracking Function robotic total station complete with:
2 x BDC72 battery
1 x CDC77 quick charger
1 x Power cable
1 x thumb drive"	 $16,500.00 	N112 (SPPG Mandai) - Stn 10	N112
S/I-23-01-0200	27/1/2023	P220149	Sokkia IX-1201	XS001076	"Sokkia IX-1201 / SPBWT Automatic Tracking Function robotic total station complete with:
2 x BDC72 battery
1 x CDC77 quick charger
1 x Power cable
1 x thum drive"	 $16,500.00 	N112 (SPPG Mandai) - Stn 11	N112
S/D - 018045	11-Oct-21	P210121	Sokkia IX-1001	UR005911	"Sokkia IX-1001 / SPBWT robotic total station complete with:
2 x BDC72 battery
1 x CDC77 quick charger
1 x Power cable"	 $11,215.00 	N112 (SPPG Mandai) - Stn 12	N112
S/I-23-02-0126	15/2/2023	P220149	Sokkia IX-1201	XS001083	"Sokkia IX-1201 / SPBWT Automatic Tracking Function robotic total station complete with:
2 x BDC72 battery
1 x CDC77 quick charger
1 x Power cable
1 x thum drive"	 $16,500.00 	N112 (SPPG Mandai) - Stn 13	N112
S/I-23-02-0126	15-Feb-23	P220149	Sokkia IX-1201	XS001054	"Sokkia IX-1201 / SPBWT Automatic Tracking Function robotic total station complete with:
2 x BDC72 battery
1 x CDC77 quick charger
1 x Power cable
1 x thum drive"	 $16,500.00 	N112 (SPPG Mandai) - Stn 14	N112
S/I-23-01-0200	27/1/2023	P220149	Sokkia IX-1201	XS001043	"Sokkia IX-1201 / SPBWT Automatic Tracking Function robotic total station complete with:
2 x BDC72 battery
1 x CDC77 quick charger
1 x Power cable
1 x thum drive"	 $16,500.00 	N112 (SPPG Mandai) - Stn 15	N112
S/I-23-04-0323	28-Apr-23	P230055	Sokkia IX-1201	XS001513	"Sokkia IX-1201 / SPBWT Automatic Tracking Function robotic total station complete with:
2 x BDC72 battery
1 x CDC77 quick charger
1 x Power cable
1 x thum drive"	 $16,500.00 	N112 (SPPG Mandai) - Stn 16	N112
S/D - 018045	11-Oct-21	P210121	Sokkia IX-1001	UR005801	"Sokkia IX-1001 / SPBWT robotic total station complete with:
2 x BDC72 battery
1 x CDC77 quick charger
1 x Power cable"	 $11,215.00 	N112 (SPPG Mandai) - Stn 17	N112
S/I-23-10-0244	20-Oct-23	P230162	Sokkia IX-1201	XS001168	"Robotic Total Station
SOKKIA IX-1201 / SPBWT (P/N 1042639-20) Auto Tracking Function robotic total station complete with:
2 x BDC72 battery
1 x CDC77 quick charger
1 x Power cable
1 x thumb drive"	 $16,500.00 	N112 (SPPG Mandai) - Stn 18	N112
S/I-010424	15-Dec-20	P2000178	Sokkia NET1AXTIIT/TE2	KH0556	"SOKKIA NET1AXT11T/TE2 Automated 3D Station complete with:
2 x BDC58 rechargeable battery
1 x CDC68 charger
1 x EDC113 cable for CDC68"	 $21,300.00 	N1012 Bugis EWL (Bugis to Lavender) (EB) Stn 1	N1012 Bugis EWL
S/D - 018045	11-Oct-21	P210121	Sokkia NET1AXII/TE	KH0644	"SOKKIA NETAX11T/TE 3D Ultra High-Precision 3D Station complete with:
2 x BDC72 battery
1 x CDC77 battery charger
1 x EDC113 Power Cable"	 $21,500.00 	N1012 Bugis EWL (Bugis to Lavender) (WB) Stn 1	N1012 Bugis EWL
S/I-002963	31-Dec-18	P1800229	Sokkia NET1AXTIIT/TE2	KH0320	"SOKKIA NET1AXT11T/TE2 Automated 3D Station complete with:
2 x BDC58 rechargeable battery
1 x CDC68 charger
1 x EDC113 cable for CDC68"	 $24,100.00 	N1012 Bugis EWL(Bugis to Cityhall) (WB) Stn 2	N1012 Bugis EWL
S/I-005199	10-Jul-19	P1900139	Sokkia NET1AXTIIT/TE2	KH0405	"SOKKIA NET1AXT11T/TE2 Automated 3D Station complete with:
2 x BDC58 rechargeable battery
1 x CDC68 charger
1 x EDC113 cable for CDC68"	 $24,100.00 	N1012 Bugis DTL (BB) Stn 1	N1012 Bugis DTL
S/I-22-10-0320	27-Oct-22	P220177	Sokkia NET1AXII/TE	HX0016	"SOKKIA NETAX11T/TE 3D Ultra High-Precision 3D Station complete with:
2 x BDC72 battery
1 x CDC77 battery charger
1 x EDC113 Power Cable"	 $22,300.00 	N1012 Bugis DTL (XB) Stn 1	N1012 Bugis DTL
S/I-24-11-0309	29-Nov-24	P240128	Sokkia NET1AXIIT/TE	HX0205	"Automated 3D Station
SOKKIA NET1AXIIT/TE 3D Ultra High-Precision 3D station complete with:
2 x BDC72 battery
1 x CDC77 quick charger
1 x EDC113 Power cable"	 $22,300.00 	Caldecott MRT (IB - Stn 1)	N1062 CCL
S/I-010424	15-Dec-20	P2000178	Sokkia NET1AXTIIT/TE2	KH0548	"SOKKIA NET1AXT11T/TE2 Automated 3D Station complete with:
2 x BDC58 rechargeable battery
1 x CDC68 charger
1 x EDC113 cable for CDC68"	 $21,300.00 	Caldecott MRT (IB - Stn 2)	N1062 CCL
S/I-005355	18-Jul-19	P1900139	Sokkia NET1AXTIIT/TE2	KH0426	"SOKKIA NET1AXT11T/TE2 Automated 3D Station complete with:
2 x BDC58 rechargeable battery
1 x CDC68 charger
1 x EDC113 cable for CDC68"	 $24,100.00 	Caldecott MRT (OB - Stn 1)	N1062 CCL
S/I-005355	18-Jul-19	P1900139	Sokkia NET1AXTIIT/TE2	KH0427	"SOKKIA NET1AXT11T/TE2 Automated 3D Station complete with:
2 x BDC58 rechargeable battery
1 x CDC68 charger
1 x EDC113 cable for CDC68"	 $24,100.00 	Caldecott MRT (OB - Stn 2)	N1062 CCL
S/I-006829	25-Nov-19	P1900227	Sokkia NET1AXTIIT/TE2	KH0459	"SOKKIA NET1AXT11T/TE2 Automated 3D Station complete with:
2 x BDC58 rechargeable battery
1 x CDC68 charger
1 x EDC113 cable for CDC68"	 $21,300.00 	PIE AMMS (STN 7)	N1062 PIE
S/I-005354	15-Jul-19	P1900139	Sokkia NET1AXTIIT/TE2	KH0412	"SOKKIA NET1AXT11T/TE2 Automated 3D Station complete with:
2 x BDC58 rechargeable battery
1 x CDC68 charger
1 x EDC113 cable for CDC68"	 $24,100.00 	PIE AMMS (STN 8)	N1062 PIE
S/D-019443	3-Jan-22	P210186	Sokkia NET1AXII/TE	KH0701	"SOKKIA NETAX11T/TE 3D Ultra High-Precision 3D Station complete with:
2 x BDC72 battery
1 x CDC77 battery charger
1 x EDC113 Power Cable"	 $21,500.00 	PIE AMMS (STN 11)	N1062 PIE
S/I-007271	27-Dec-19	P1900259	Sokkia NET1AXTIIT/TE2	KH0519	"SOKKIA NET1AXT11T/TE2 Automated 3D Station complete with:
2 x BDC58 rechargeable battery
1 x CDC68 charger
1 x EDC113 cable for CDC68"	 $21,300.00 	PIE AMMS (STN 14)	N1062 PIE
S/I-010541	6-Jan-21	P210002	Sokkia NET1AXTIIT/TE2	KH0559	"SOKKIA NET1AXT11T/TE2 Automated 3D Station complete with:
2 x BDC58 rechargeable battery
1 x CDC68 charger
1 x EDC113 cable for CDC68"	 $21,300.00 	PIE AMMS (STN 15)	N1062 PIE
S/I-24-05-0172	20-May-24	P240058	Sokkia NET1AXIIT/TE	HX0095	"Automated 3D Station
SOKKIA NET1AXIIT/TE 3D Ultra High-Precision 3D station complete with:
2 x BDC72 battery
1 x CDC77 quick charger
1 x EDC113 Power cable"	 $22,300.00 	PIE AMMS (STN 16)	N1062 PIE
S/I-24-03-0106	15-Mar-24	P230224	Sokkia NET1AXIIT/TE	HX0106	"Automated 3D Station
SOKKIA NET1AXIIT/TE 3D Ultra High-Precision 3D station complete with:
2 x BDC72 battery
1 x CDC77 quick charger
1 x EDC113 Power cable"	 $22,300.00 	PIE AMMS (STN 17)	N1062 PIE
S/I-005355	18-Jul-19	P1900139	Sokkia NET1AXTIIT/TE2	KH0433	"SOKKIA NET1AXT11T/TE2 Automated 3D Station complete with:
2 x BDC58 rechargeable battery
1 x CDC68 charger
1 x EDC113 cable for CDC68"	 $24,100.00 	PIE AMMS (STN 27)	N1062 PIE
S/I-013856	31-Oct-21	P210192	Sokkia IX-1001	UR005856	"Sokkia IX-1001 / SPBWT robotic total station complete with:
2 x BDC72 battery
1 x CDC77 quick charger
1 x Power cable"	 $11,215.00 	N1062 - SPPG Marymount (Stn 1)	N1062 SPPG
S/I-23-01-0200	27/1/2023	P220149	Sokkia IX-1201	XS001063	"Sokkia IX-1201 / SPBWT Automatic Tracking Function robotic total station complete with:
2 x BDC72 battery
1 x CDC77 quick charger
1 x Power cable
1 x thum drive"	 $16,500.00 	N1062 - SPPG Marymount (Stn 2)	N1062 SPPG
S/D-019061	8-Dec-21	P210248	Sokkia IX-1001	UR005794	"Sokkia IX-1001 / SPBWT robotic total station complete with:
2 x BDC72 battery
1 x CDC77 quick charger
1 x Power cable"	 $11,215.00 	N1062 - SPPG Marymount (Stn 3)	N1062 SPPG
S/I-23-10-0244	20-Oct-23	P230162	Sokkia IX-1201	XS001552	"Robotic Total Station
SOKKIA IX-1201 / SPBWT (P/N 1042639-20) Auto Tracking Function robotic total station complete with:
2 x BDC72 battery
1 x CDC77 quick charger
1 x Power cable
1 x thumb drive"	 $16,500.00 	N1062 - SPPG Marymount (Stn 4)	N1062 SPPG
S/I-23-04-0323	28-Apr-23	P230055	Sokkia IX-1201	XS001305	"Sokkia IX-1201 / SPBWT Automatic Tracking Function robotic total station complete with:
2 x BDC72 battery
1 x CDC77 quick charger
1 x Power cable
1 x thum drive"	 $16,500.00 	N1062 - SPPG Marymount (Stn 5)	N1062 SPPG
S/D - 018045	11-Oct-21	P210121	Sokkia IX-1001	UR005863	"Sokkia IX-1001 / SPBWT robotic total station complete with:
2 x BDC72 battery
1 x CDC77 quick charger
1 x Power cable"	 $11,215.00 	N1062 - SPPG Marymount (Stn 6)	N1062 SPPG
S/D-018478	1-Nov-21	P210225	Sokkia IX-1001	UR007034	"Sokkia IX-1001 / SPBWT robotic total station complete with:
2 x BDC72 battery
1 x CDC77 quick charger
1 x Power cable"	 $11,215.00 	N1062 - SPPG Marymount (Stn 7)	N1062 SPPG
S/D - 018045	11-Oct-21	P210121	Sokkia IX-1001	UR005849	"Sokkia IX-1001 / SPBWT robotic total station complete with:
2 x BDC72 battery
1 x CDC77 quick charger
1 x Power cable"	 $11,215.00 	N1062 - SPPG Marymount (Stn 8)	N1062 SPPG
S/D - 018045	11-Oct-21	P210121	Sokkia IX-1001	UR005842	"Sokkia IX-1001 / SPBWT robotic total station complete with:
2 x BDC72 battery
1 x CDC77 quick charger
1 x Power cable"	 $11,215.00 	N1062 - SPPG Marymount (Stn 9)	N1062 SPPG
S/D - 018045	11-Oct-21	P210121	Sokkia IX-1001	UR005827	"Sokkia IX-1001 / SPBWT robotic total station complete with:
2 x BDC72 battery
1 x CDC77 quick charger
1 x Power cable"	 $11,215.00 	N1062 - SPPG Marymount (Stn 10)	N1062 SPPG
S/D-019061	8-Dec-21	P210248	Sokkia IX-1001	UR005828	"Sokkia IX-1001 / SPBWT robotic total station complete with:
2 x BDC72 battery
1 x CDC77 quick charger
1 x Power cable"	 $11,215.00 	N1062 - SPPG Marymount (Stn 11)	N1062 SPPG
S/I-005199	10-Jul-19	P1900139	Sokkia NET1AXTIIT/TE2	KH0362	"SOKKIA NET1AXT11T/TE2 Automated 3D Station complete with:
2 x BDC58 rechargeable battery
1 x CDC68 charger
1 x EDC113 cable for CDC68"	 $24,100.00 	T215 Stn 1 (Changi Bound)	N1062 TEL
S/I-007284	31-Dec-19	P1900261	Sokkia NET1AXTIIT/TE2	KH0522	"SOKKIA NET1AXT11T/TE2 Automated 3D Station complete with:
2 x BDC58 rechargeable battery
1 x CDC68 charger
1 x EDC113 cable for CDC68"	 $21,300.00 	T215 Stn 2 (Changi Bound)	N1062 TEL
S/I-005355	18-Jul-19	P1900139	Sokkia NET1AXTIIT/TE2	KH0428	"SOKKIA NET1AXT11T/TE2 Automated 3D Station complete with:
2 x BDC58 rechargeable battery
1 x CDC68 charger
1 x EDC113 cable for CDC68"	 $24,100.00 	T215 Stn 3 (Woodlands Bound)	N1062 TEL
S/I-005356	22-Jul-19	P1900139	Sokkia NET1AXTIIT/TE2	KH0457	"SOKKIA NET1AXT11T/TE2 Automated 3D Station complete with:
2 x BDC58 rechargeable battery
1 x CDC68 charger
1 x EDC113 cable for CDC68"	 $24,100.00 	T215 Stn 4 (Woodlands Bound)	N1062 TEL
S/D - 018045	11-Oct-21	P210121	Sokkia NET1AXII/TE	KH0623	"SOKKIA NETAX11T/TE 3D Ultra High-Precision 3D Station complete with:
2 x BDC72 battery
1 x CDC77 battery charger
1 x EDC113 Power Cable"	 $21,500.00 	T215 Stn 5 (Woodlands Bound)	N1062 TEL
S/I-007309	7-Jan-20	P2000003	Sokkia NET1AXTIIT/TE2	KH0530	"SOKKIA NET1AXT11T/TE2 Automated 3D Station complete with:
2 x BDC58 rechargeable battery
1 x CDC68 charger
1 x EDC113 cable for CDC68"	 $21,300.00 	Caldecott MRT Stn (OB - Stn 1)	N1072 CCL
S/I-005199	10-Jul-19	P1900139	Sokkia NET1AXTIIT/TE2	KH0396	"SOKKIA NET1AXT11T/TE2 Automated 3D Station complete with:
2 x BDC58 rechargeable battery
1 x CDC68 charger
1 x EDC113 cable for CDC68"	 $24,100.00 	Caldecott MRT Stn (OB - Stn 2)	N1072 CCL
S/I-011315	11-Mar-21	P210059	Sokkia NET1AXTIIT/TE2	KH0610	"SOKKIA NET1AXT11T/TE2 3D Ultra High-Precision 3D Station complete with:
2 x BDC70 battery
1 x CDC68A battery charger
1 x EDC113 Power cable"	 $21,300.00 	Caldecott MRT Stn (OB - Stn 3)	N1072 CCL
S/I-005356	22-Jul-19	P1900139	Sokkia NET1AXTIIT/TE2	KH0455	"SOKKIA NET1AXT11T/TE2 Automated 3D Station complete with:
2 x BDC58 rechargeable battery
1 x CDC68 charger
1 x EDC113 cable for CDC68"	 $24,100.00 	Caldecott MRT Stn (OB - Stn 4)	N1072 CCL
S/I-010541	6-Jan-21	P210002	Sokkia NET1AXTIIT/TE2	KH0580	"SOKKIA NET1AXT11T/TE2 Automated 3D Station complete with:
2 x BDC58 rechargeable battery
1 x CDC68 charger
1 x EDC113 cable for CDC68"	 $21,300.00 	Caldecott MRT Stn (OB - Stn 5)	N1072 CCL
S/I-007284	31-Dec-19	P1900261	Sokkia NET1AXTIIT/TE2	KH0518	"SOKKIA NET1AXT11T/TE2 Automated 3D Station complete with:
2 x BDC58 rechargeable battery
1 x CDC68 charger
1 x EDC113 cable for CDC68"	 $21,300.00 	Caldecott MRT Stn (OB - Stn 6)	N1072 CCL
S/D - 018045	11-Oct-21	P210121	Sokkia NET1AXIIT/TE	KH0653	"SOKKIA NETAX11T/TE 3D Ultra High-Precision 3D Station complete with:
2 x BDC72 battery
1 x CDC77 battery charger
1 x EDC113 Power Cable"	 $21,500.00 	Caldecott MRT Stn (OB - Stn 7)	N1072 CCL
S/I-005355	18-Jul-19	P1900139	Sokkia NET1AXTIIT/TE2	KH0431	"SOKKIA NET1AXT11T/TE2 Automated 3D Station complete with:
2 x BDC58 rechargeable battery
1 x CDC68 charger
1 x EDC113 cable for CDC68"	 $24,100.00 	Caldecott MRT Stn (OB - Stn 8)	N1072 CCL
S/I-007284	31-Dec-19	P1900261	Sokkia NET1AXTIIT/TE2	KH0520	"SOKKIA NET1AXT11T/TE2 Automated 3D Station complete with:
2 x BDC58 rechargeable battery
1 x CDC68 charger
1 x EDC113 cable for CDC68"	 $21,300.00 	Caldecott MRT Stn (OB - Stn 9)	N1072 CCL
S/D-019443	3-Jan-22	P210186	Sokkia NET1AXII/TE	KH0656	"SOKKIA NETAX11T/TE 3D Ultra High-Precision 3D Station complete with:
2 x BDC72 battery
1 x CDC77 battery charger
1 x EDC113 Power Cable"	 $21,500.00 	Caldecott MRT Stn (Cross Passage - Stn 1)	N1072 CCL
S/I-005355	18-Jul-19	P1900139	Sokkia NET1AXTIIT/TE2	KH0425	"SOKKIA NET1AXT11T/TE2 Automated 3D Station complete with:
2 x BDC58 rechargeable battery
1 x CDC68 charger
1 x EDC113 cable for CDC68"	 $24,100.00 	Caldecott MRT Stn (Cross Passage - Stn 2)	N1072 CCL
S/D - 018045	11-Oct-21	P210121	Sokkia NET1AXII/TE	KH0646	"SOKKIA NETAX11T/TE 3D Ultra High-Precision 3D Station complete with:
2 x BDC72 battery
1 x CDC77 battery charger
1 x EDC113 Power Cable"	 $21,500.00 	Caldecott MRT Stn (IB - Stn 1)	N1072 CCL
S/D - 018045	11-Oct-21	P210121	Sokkia NET1AXII/TE	KH0639	"SOKKIA NETAX11T/TE 3D Ultra High-Precision 3D Station complete with:
2 x BDC72 battery
1 x CDC77 battery charger
1 x EDC113 Power Cable"	 $21,500.00 	Caldecott MRT Stn (IB - Stn 2)	N1072 CCL
S/I-007309	7-Jan-20	P2000003	Sokkia NET1AXTIIT/TE2	KH0526	"SOKKIA NET1AXT11T/TE2 Automated 3D Station complete with:
2 x BDC58 rechargeable battery
1 x CDC68 charger
1 x EDC113 cable for CDC68"	 $21,300.00 	Caldecott MRT Stn (IB - Stn 3)	N1072 CCL
S/I-010541	6-Jan-21	P210002	Sokkia NET1AXTIIT/TE2	KH0583	"SOKKIA NET1AXT11T/TE2 Automated 3D Station complete with:
2 x BDC58 rechargeable battery
1 x CDC68 charger
1 x EDC113 cable for CDC68"	 $21,300.00 	Caldecott MRT Stn (IB - Stn 4)	N1072 CCL
S/I-010541	6-Jan-21	P210002	Sokkia NET1AXTIIT/TE2	KH0573	"SOKKIA NET1AXT11T/TE2 Automated 3D Station complete with:
2 x BDC58 rechargeable battery
1 x CDC68 charger
1 x EDC113 cable for CDC68"	 $21,300.00 	Caldecott MRT Stn (IB - Stn 5)	N1072 CCL
S/I-011315	11-Mar-21	P210059	Sokkia NET1AXTIIT/TE2	KH0603	"SOKKIA NET1AXT11T/TE2 3D Ultra High-Precision 3D Station complete with:
2 x BDC70 battery
1 x CDC68A battery charger
1 x EDC113 Power cable"	 $21,300.00 	Caldecott MRT Stn (IB - Stn 6)	N1072 CCL
S/I-006434	22-Oct-19	P1900202	Sokkia NET1AXTIIT/TE2	KH0482	"SOKKIA NET1AXT11T/TE2 Automated 3D Station complete with:
2 x BDC58 rechargeable battery
1 x CDC68 charger
1 x EDC113 cable for CDC68"	 $21,300.00 	Caldecott MRT Stn (IB - Stn 7)	N1072 CCL
S/I-002963	31-Dec-18	P1800229	Sokkia NET1AXTIIT/TE2	KH0330	"SOKKIA NET1AXT11T/TE2 Automated 3D Station complete with:
2 x BDC58 rechargeable battery
1 x CDC68 charger
1 x EDC113 cable for CDC68"	 $24,100.00 	Caldecott MRT Stn (IB - Stn 8)	N1072 CCL
S/I-011315	11-Mar-21	P210059	Sokkia NET1AXTIIT/TE2	KH0604	"SOKKIA NET1AXT11T/TE2 3D Ultra High-Precision 3D Station complete with:
2 x BDC70 battery
1 x CDC68A battery charger
1 x EDC113 Power cable"	 $21,300.00 	Caldecott MRT Stn (IB - Stn 9)	N1072 CCL
S/I-005199	10-Jul-19	P1900139	Sokkia NET1AXTIIT/TE2	KH0402	"SOKKIA NET1AXT11T/TE2 Automated 3D Station complete with:
2 x BDC58 rechargeable battery
1 x CDC68 charger
1 x EDC113 cable for CDC68"	 $24,100.00 	N1072 (TEL - Stn 1) Changi Bound	N1072 TEL
S/I-24-03-0107	15-Mar-24	P230224	Sokkia NET1AXIIT/TE	HX0078	"Automated 3D Station
SOKKIA NET1AXIIT/TE 3D Ultra High-Precision 3D station complete with:
2 x BDC72 battery
1 x CDC77 quick charger
1 x EDC113 Power cable"	 $22,300.00 	N1072 (TEL - Stn 2) Changi Bound	N1072 TEL
S/I-006183	27-Sep-19	P1900182	Sokkia NET1AXTIIT/TE2	KH0462	"SOKKIA NET1AXT11T/TE2 Automated 3D Station complete with:
2 x BDC58 rechargeable battery
1 x CDC68 charger
1 x EDC113 cable for CDC68"	 $21,300.00 	N1072 (TEL - Stn 3) Changi Bound	N1072 TEL
S/I-010541	6-Jan-21	P210002	Sokkia NET1AXTIIT/TE2	KH0568	"SOKKIA NET1AXT11T/TE2 Automated 3D Station complete with:
2 x BDC58 rechargeable battery
1 x CDC68 charger
1 x EDC113 cable for CDC68"	 $21,300.00 	N1072 (TEL - Stn 4) Changi Bound	N1072 TEL
S/D-020099	22-Feb-22	P220041	Sokkia NET1AXII/TE	KH0702	"SOKKIA NETAX11T/TE 3D Ultra High-Precision 3D Station complete with:
2 x BDC72 battery
1 x CDC77 battery charger
1 x EDC113 Power Cable"	 $21,500.00 	N1072 (TEL - Stn 5) Changi Bound	N1072 TEL
S/D-019443	3-Jan-22	P210186	Sokkia NET1AXII/TE	KH0670	"SOKKIA NETAX11T/TE 3D Ultra High-Precision 3D Station complete with:
2 x BDC72 battery
1 x CDC77 battery charger
1 x EDC113 Power Cable"	 $21,500.00 	N1072 (TEL - Stn 6) Changi Bound	N1072 TEL
S/I-002963	31-Dec-18	P1800229	Sokkia NET1AXTIIT/TE2	KH0353	"SOKKIA NET1AXT11T/TE2 Automated 3D Station complete with:
2 x BDC58 rechargeable battery
1 x CDC68 charger
1 x EDC113 cable for CDC68"	 $24,100.00 	N1072 (TEL - Stn 7) Changi Bound	N1072 TEL
S/I-005354	15-Jul-19	P1900139	Sokkia NET1AXTIIT/TE2	KH0423	"SOKKIA NET1AXT11T/TE2 Automated 3D Station complete with:
2 x BDC58 rechargeable battery
1 x CDC68 charger
1 x EDC113 cable for CDC68"	 $24,100.00 	N1072 (TEL - Stn 8) Changi Bound	N1072 TEL
TSP20/80790	10-Mar-21	P210053	Sokkia NET1AXTIIT/TE2	KH0629	NET1AXIIT/TE Measuring Station	 USD 14,500.00 	N1072 (TEL - Stn 9) Changi Bound	N1072 TEL
S/I-010541	6-Jan-21	P210002	Sokkia NET1AXTIIT/TE2	KH0535	"SOKKIA NET1AXT11T/TE2 Automated 3D Station complete with:
2 x BDC58 rechargeable battery
1 x CDC68 charger
1 x EDC113 cable for CDC68"	 $21,300.00 	N1072 (TEL - Stn 10) Changi Bound	N1072 TEL
S/I-011315	11-Mar-21	P210059	Sokkia NET1AXTIIT/TE2	KH0609	"SOKKIA NET1AXT11T/TE2 3D Ultra High-Precision 3D Station complete with:
2 x BDC70 battery
1 x CDC68A battery charger
1 x EDC113 Power cable"	 $21,300.00 	N1072 (TEL - Stn 1) Woodlands Bound	N1072 TEL
S/I-002963	31-Dec-18	P1800229	Sokkia NET1AXTIIT/TE2	KH0333	"SOKKIA NET1AXT11T/TE2 Automated 3D Station complete with:
2 x BDC58 rechargeable battery
1 x CDC68 charger
1 x EDC113 cable for CDC68"	 $24,100.00 	N1072 (TEL - Stn 2) Woodlands Bound	N1072 TEL
S/I-24-03-0203	22-Mar-24	P230224	Sokkia NET1AXIIT/TE	HX0111	"Automated 3D Station
SOKKIA NET1AXIIT/TE 3D Ultra High-Precision 3D station complete with:
2 x BDC72 battery
1 x CDC77 quick charger
1 x EDC113 Power cable"	 $22,300.00 	N1072 (TEL - Stn 3) Woodlands Bound	N1072 TEL
S/I-007309	7-Jan-20	P2000003	Sokkia NET1AXTIIT/TE2	KH0529	"SOKKIA NET1AXT11T/TE2 Automated 3D Station complete with:
2 x BDC58 rechargeable battery
1 x CDC68 charger
1 x EDC113 cable for CDC68"	 $21,300.00 	N1072 (TEL - Stn 4) Woodlands Bound	N1072 TEL
S/I-007271	27-Dec-19	P1900259	Sokkia NET1AXTIIT/TE2	KH0514	"SOKKIA NET1AXT11T/TE2 Automated 3D Station complete with:
2 x BDC58 rechargeable battery
1 x CDC68 charger
1 x EDC113 cable for CDC68"	 $21,300.00 	N1072 (TEL - Stn 5) Woodlands Bound	N1072 TEL
S/I-006829	25-Nov-19	P1900227	Sokkia NET1AXTIIT/TE2	KH0508	"SOKKIA NET1AXT11T/TE2 Automated 3D Station complete with:
2 x BDC58 rechargeable battery
1 x CDC68 charger
1 x EDC113 cable for CDC68"	 $21,300.00 	N1072 (TEL - Stn 6) Woodlands Bound	N1072 TEL
S/I-011315	11-Mar-21	P210059	Sokkia NET1AXTIIT/TE2	KH0586	"SOKKIA NETAX11T/TE 3D Ultra High-Precision 3D Station complete with:
2 x BDC72 battery
1 x CDC77 battery charger
1 x EDC113 Power Cable"	 $21,500.00 	N1072 (TEL - Stn 7) Woodlands Bound	N1072 TEL
S/D - 018045	11-Oct-21	P210121	Sokkia NET1AXII/TE	KH0649	"SOKKIA NETAX11T/TE 3D Ultra High-Precision 3D Station complete with:
2 x BDC72 battery
1 x CDC77 battery charger
1 x EDC113 Power Cable"	 $21,500.00 	N1072 (TEL - Stn 8) Woodlands Bound	N1072 TEL
S/I-010541	6-Jan-21	P210002	Sokkia NET1AXTIIT/TE2	KH0557	"SOKKIA NET1AXT11T/TE2 Automated 3D Station complete with:
2 x BDC58 rechargeable battery
1 x CDC68 charger
1 x EDC113 cable for CDC68"	 $21,300.00 	N1072 (TEL - Stn 9) Woodlands Bound	N1072 TEL
21/I00232	30-Apr-21	P210078	Sokkia NET1AXTIIT/TE2	KH0641	NET1AXIIT/TE Measuring Station	 USD 14,500.00 	N1072 (TEL - Stn 10) Woodlands Bound	N1072 TEL
S/I-002963	31-Dec-18	P1800229	Sokkia NET1AXTIIT/TE2	KH0321	"SOKKIA NET1AXT11T/TE2 Automated 3D Station complete with:
2 x BDC58 rechargeable battery
1 x CDC68 charger
1 x EDC113 cable for CDC68"	 $24,100.00 	N1072 Braddell Height Stn 1	N1072 Braddell Height
S/I-005199	10-Jul-19	P1900139	Sokkia NET1AXTIIT/TE2	KH0400	"SOKKIA NET1AXT11T/TE2 Automated 3D Station complete with:
2 x BDC58 rechargeable battery
1 x CDC68 charger
1 x EDC113 cable for CDC68"	 $24,100.00 	N1082 (OB - Stn 1)	N1082
S/I-010424	15-Dec-20	P2000178	Sokkia NET1AXTIIT/TE2	KH0560	"SOKKIA NET1AXT11T/TE2 Automated 3D Station complete with:
2 x BDC58 rechargeable battery
1 x CDC68 charger
1 x EDC113 cable for CDC68"	 $21,300.00 	N1082 (OB - Stn 2)	N1082
S/I-010541	6-Jan-21	P210002	Sokkia NET1AXTIIT/TE2	KH0546	"SOKKIA NET1AXT11T/TE2 Automated 3D Station complete with:
2 x BDC58 rechargeable battery
1 x CDC68 charger
1 x EDC113 cable for CDC68"	 $21,300.00 	N1082 (OB - Stn 3)	N1082
S/I-010424	15-Dec-20	P2000178	Sokkia NET1AXTIIT/TE2	KH0532	"SOKKIA NET1AXT11T/TE2 Automated 3D Station complete with:
2 x BDC58 rechargeable battery
1 x CDC68 charger
1 x EDC113 cable for CDC68"	 $21,300.00 	N1082 (OB - Stn 4)	N1082
S/I-24-04-0035	4-Apr-24	P230224	Sokkia NET1AXIIT/TE	HX0104	"Automated 3D Station
SOKKIA NET1AXIIT/TE 3D Ultra High-Precision 3D station complete with:
2 x BDC72 battery
1 x CDC77 quick charger
1 x EDC113 Power cable"	 $22,300.00 	N1082 (OB - Stn 5)	N1082
S/I-010541	6-Jan-21	P210002	Sokkia NET1AXTIIT/TE2	KH0545	"SOKKIA NET1AXT11T/TE2 Automated 3D Station complete with:
2 x BDC58 rechargeable battery
1 x CDC68 charger
1 x EDC113 cable for CDC68"	 $21,300.00 	N1082 (OB - Stn 6)	N1082
S/I-006830	25-Nov-19	P1900225	Sokkia NET1AXTIIT/TE2	KH0478	"SOKKIA NET1AXT11T/TE2 Automated 3D Station complete with:
2 x BDC58 rechargeable battery
1 x CDC68 charger
1 x EDC113 cable for CDC68"	 $21,300.00 	N1082 (OB - Stn 7)	N1082
S/I-011315	11/3/2021	P210059	Sokkia NET1AXTIIT/TE2	KH0584	"SOKKIA NET1AXT11T/TE2 3D Ultra High-Precision 3D Station complete with:
2 x BDC70 battery
1 x CDC68A battery charger
1 x EDC113 Power cable"	 $21,300.00 	N1082 (OB - Stn 8)	N1082
S/I-007271	27-Dec-19	P1900259	Sokkia NET1AXTIIT/TE2	KH0517	"SOKKIA NET1AXT11T/TE2 Automated 3D Station complete with:
2 x BDC58 rechargeable battery
1 x CDC68 charger
1 x EDC113 cable for CDC68"	 $21,300.00 	N1082 (OB - Stn 9)	N1082
S/I-010424	15-Dec-20	P2000178	Sokkia NET1AXTIIT/TE2	KH0551	"SOKKIA NET1AXT11T/TE2 Automated 3D Station complete with:
2 x BDC58 rechargeable battery
1 x CDC68 charger
1 x EDC113 cable for CDC68"	 $21,300.00 	N1082 (OB - Stn 10)	N1082
S/I-010424	15-Dec-20	P2000178	Sokkia NET1AXTIIT/TE2	KH0524	"SOKKIA NET1AXT11T/TE2 Automated 3D Station complete with:
2 x BDC58 rechargeable battery
1 x CDC68 charger
1 x EDC113 cable for CDC68"	 $21,300.00 	N1082 (OB - Stn 11)	N1082
S/I-010424	15-Dec-20	P2000178	Sokkia NET1AXTIIT/TE2	KH0549	"SOKKIA NET1AXT11T/TE2 Automated 3D Station complete with:
2 x BDC58 rechargeable battery
1 x CDC68 charger
1 x EDC113 cable for CDC68"	 $21,300.00 	N1082 (IB - Stn 1)	N1082
S/I-010424	15-Dec-20	P2000178	Sokkia NET1AXTIIT/TE2	KH0547	"SOKKIA NET1AXT11T/TE2 Automated 3D Station complete with:
2 x BDC58 rechargeable battery
1 x CDC68 charger
1 x EDC113 cable for CDC68"	 $21,300.00 	N1082 (IB - Stn 2)	N1082
S/I-24-03-0203	22-Mar-24	P230224	Sokkia NET1AXIIT/TE	HX0159	"Automated 3D Station
SOKKIA NET1AXIIT/TE 3D Ultra High-Precision 3D station complete with:
2 x BDC72 battery
1 x CDC77 quick charger
1 x EDC113 Power cable"	 $22,300.00 	N1082 (IB - Stn 3)	N1082
S/I-010424	15-Dec-20	P2000178	Sokkia NET1AXTIIT/TE2	KH0550	"SOKKIA NET1AXT11T/TE2 Automated 3D Station complete with:
2 x BDC58 rechargeable battery
1 x CDC68 charger
1 x EDC113 cable for CDC68"	 $21,300.00 	N1082 (IB - Stn 4)	N1082
S/I-24-11-0309	29-Nov-24	P240128	Sokkia NET1AXIIT/TE	HX0208	"Automated 3D Station
SOKKIA NET1AXIIT/TE 3D Ultra High-Precision 3D station complete with:
2 x BDC72 battery
1 x CDC77 quick charger
1 x EDC113 Power cable"	 $22,300.00 	N1082 (IB - Stn 5)	N1082
S/I-010424	15-Dec-20	P2000178	Sokkia NET1AXTIIT/TE2	KH0552	"SOKKIA NET1AXT11T/TE2 Automated 3D Station complete with:
2 x BDC58 rechargeable battery
1 x CDC68 charger
1 x EDC113 cable for CDC68"	 $21,300.00 	N1082 (IB - Stn 6)	N1082
S/I-010424	15-Dec-20	P2000178	Sokkia NET1AXTIIT/TE2	KH0538	"SOKKIA NET1AXT11T/TE2 Automated 3D Station complete with:
2 x BDC58 rechargeable battery
1 x CDC68 charger
1 x EDC113 cable for CDC68"	 $21,300.00 	N1082 (IB - Stn 7)	N1082
S/I-010424	15-Dec-20	P2000178	Sokkia NET1AXTIIT/TE2	KH0534	"SOKKIA NET1AXT11T/TE2 Automated 3D Station complete with:
2 x BDC58 rechargeable battery
1 x CDC68 charger
1 x EDC113 cable for CDC68"	 $21,300.00 	N1082 (IB - Stn 8)	N1082
S/I-002963	31-Dec-18	P1800229	Sokkia NET1AXTIIT/TE2	KH0318	"SOKKIA NET1AXT11T/TE2 Automated 3D Station complete with:
2 x BDC58 rechargeable battery
1 x CDC68 charger
1 x EDC113 cable for CDC68"	 $24,100.00 	N1102 (Ang Mo Kio Ave 9 - Stn 1)	N1102
S/I-002963	31-Dec-18	P1800229	Sokkia NET1AXTIIT/TE2	KH0352	"SOKKIA NET1AXT11T/TE2 Automated 3D Station complete with:
2 x BDC58 rechargeable battery
1 x CDC68 charger
1 x EDC113 cable for CDC68"	 $24,100.00 	N1112 (Ang Mo Kio Ave 6 - Stn 1)	N1112
S/I-002963	31-Dec-18	P1800229	Sokkia NET1AXTIIT/TE2	KH0350	"SOKKIA NET1AXT11T/TE2 Automated 3D Station complete with:
2 x BDC58 rechargeable battery
1 x CDC68 charger
1 x EDC113 cable for CDC68"	 $24,100.00 	N1112 (Ang Mo Kio Ave 6 - Stn 2)	N1112
S/I-010541	6-Jan-21	P210002	Sokkia NET1AXTIIT/TE2	KH0579	"SOKKIA NET1AXT11T/TE2 Automated 3D Station complete with:
2 x BDC58 rechargeable battery
1 x CDC68 charger
1 x EDC113 cable for CDC68"	 $21,300.00 	N1112 Bullion Park (Stn 1)	N1112
TSP20/80790	10-Mar-21	P210053	Sokkia NET1AXTIIT/TE2	KH0626	NET1AXIIT/TE Measuring Station	 $14,500.00 	N1112 Bullion Park Ext (Stn 1)	N1112
S/I-002963	31-Dec-18	P1800229	Sokkia NET1AXTIIT/TE2	KH0329	"SOKKIA NET1AXT11T/TE2 Automated 3D Station complete with:
2 x BDC58 rechargeable battery
1 x CDC68 charger
1 x EDC113 cable for CDC68"	 $24,100.00 	N1112 Bullion Park Ext (Stn 2)	N1112
S/I-006434	22-Oct-19	P1900202	Sokkia NET1AXTIIT/TE2	KH0498	"SOKKIA NET1AXT11T/TE2 Automated 3D Station complete with:
2 x BDC58 rechargeable battery
1 x CDC68 charger
1 x EDC113 cable for CDC68"	 $21,300.00 	N1112 Bullion Park Ext (Stn 3)	N1112
S/I-006434	22-Oct-19	P1900202	Sokkia NET1AXTIIT/TE2	KH0474	"SOKKIA NET1AXT11T/TE2 Automated 3D Station complete with:
2 x BDC58 rechargeable battery
1 x CDC68 charger
1 x EDC113 cable for CDC68"	 $21,300.00 	N1112 Bullion Park Ext (Stn 4)	N1112
21/I00232	30-Apr-21	P210078	Sokkia NET1AXTIIT/TE2	KH0640	NET1AXIIT/TE Measuring Station	 USD 14,500.00 	N1112 Bullion Park Ext (Stn 5)	N1112
S/I-006829	25-Nov-19	P1900227	Sokkia NET1AXTIIT/TE2	KH0499	"SOKKIA NET1AXT11T/TE2 Automated 3D Station complete with:
2 x BDC58 rechargeable battery
1 x CDC68 charger
1 x EDC113 cable for CDC68"	 $21,300.00 	N1112 Bullion Park Ext (Stn 6)	N1112
S/I-22-08-0123	12-Aug-22	P220010	Sokkia NET1AXII/TE	KH0704	"SOKKIA NETAX11T/TE 3D Ultra High-Precision 3D Station complete with:
2 x BDC72 battery
1 x CDC77 battery charger
1 x EDC113 Power Cable"	 $22,300.00 	Orchard Boulevard Stn 1 (Woodlands Bound)	Orchard Boulevard
S/I-007271	27-Dec-19	P1900259	Sokkia NET1AXTIIT/TE2	KH0512	"SOKKIA NET1AXT11T/TE2 Automated 3D Station complete with:
2 x BDC58 rechargeable battery
1 x CDC68 charger
1 x EDC113 cable for CDC68"	 $21,300.00 	Orchard Boulevard Stn 2 (Woodlands Bound)	Orchard Boulevard
S/I-24-11-0309	29-Nov-24	P240128	Sokkia NET1AXIIT/TE	HX0207	"Automated 3D Station
SOKKIA NET1AXIIT/TE 3D Ultra High-Precision 3D station complete with:
2 x BDC72 battery
1 x CDC77 quick charger
1 x EDC113 Power cable"	 $22,300.00 	Orchard Boulevard Stn 1 (Changi Bound)	Orchard Boulevard
S/I-007284	31-Dec-19	P1900261	Sokkia NET1AXTIIT/TE2	KH0521	"SOKKIA NET1AXT11T/TE2 Automated 3D Station complete with:
2 x BDC58 rechargeable battery
1 x CDC68 charger
1 x EDC113 cable for CDC68"	 $21,300.00 	Orchard Boulevard Stn 2 (Changi Bound)	Orchard Boulevard
S/I-007309	7-Jan-20	P2000003	Sokkia NET1AXTIIT/TE2	KH0527	"SOKKIA NET1AXT11T/TE2 Automated 3D Station complete with:
2 x BDC58 rechargeable battery
1 x CDC68 charger
1 x EDC113 cable for CDC68"	 $21,300.00 	"PUB Amber Road - Tanjong Katong MRT Stn 1
(Changi Bound)"	PUB Amber Road
S/I-24-04-0035	4-Apr-24	P230224	Sokkia NET1AXIIT/TE	HX0113	"Automated 3D Station
SOKKIA NET1AXIIT/TE 3D Ultra High-Precision 3D station complete with:
2 x BDC72 battery
1 x CDC77 quick charger
1 x EDC113 Power cable"	 $22,300.00 	"PUB Amber Road - Tanjong Katong MRT Stn 2
(Changi Bound)"	PUB Amber Road
S/I-22-08-0123	12-Aug-22	P220010	Sokkia NET1AXII/TE	KH0703	"SOKKIA NETAX11T/TE 3D Ultra High-Precision 3D Station complete with:
2 x BDC72 battery
1 x CDC77 battery charger
1 x EDC113 Power Cable"	 $22,300.00 	"PUB Amber Road - Tanjong Katong MRT Stn 3 
(Changi Bound)"	PUB Amber Road
S/I-24-04-0107	9-Apr-24	P230224	Sokkia NET1AXIIT/TE	HX0112	"Automated 3D Station
SOKKIA NET1AXIIT/TE 3D Ultra High-Precision 3D station complete with:
2 x BDC72 battery
1 x CDC77 quick charger
1 x EDC113 Power cable"	 $22,300.00 	"PUB Amber Road - Tanjong Katong MRT Stn 4 
(Changi Bound)"	PUB Amber Road
S/I-24-04-0107	9-Apr-24	P230224	Sokkia NET1AXIIT/TE	HX0157	"Automated 3D Station
SOKKIA NET1AXIIT/TE 3D Ultra High-Precision 3D station complete with:
2 x BDC72 battery
1 x CDC77 quick charger
1 x EDC113 Power cable"	 $22,301.00 	"PUB Amber Road - Tanjong Katong MRT Stn 5 
(Changi Bound)"	PUB Amber Road
S/I-23-11-0029	7-Nov-23	P230162	Sokkia NET1AXIIT/TE	HX0071	"Automated 3D Station
SOKKIA NET1AXIIT/TE 3D Ultra High-Precision 3D station complete with:
2 x BDC72 battery
1 x CDC77 quick charger
1 x EDC113 Power cable"	 $22,300.00 	Slim Barracks Rise - Buona Vista CCL (IB Stn 1)	Slim Barracks Rise
S/I-23-11-0029	7-Nov-23	P230162	Sokkia NET1AXIIT/TE	HX0085	"Automated 3D Station
SOKKIA NET1AXIIT/TE 3D Ultra High-Precision 3D station complete with:
2 x BDC72 battery
1 x CDC77 quick charger
1 x EDC113 Power cable"	 $22,300.00 	Slim Barracks Rise - Buona Vista CCL (IB Stn 2)	Slim Barracks Rise
TPS20/80838	25-Mar-21	P210062	Sokkia NET1AXTIIT/TE2	KH0628	NET1AXIIT/TE Measuring Station	 USD 14,500.00 	Slim Barracks Rise - Buona Vista CCL (OB Stn 1)	Slim Barracks Rise
S/I-007309	7-Jan-20	P2000003	Sokkia NET1AXTIIT/TE2	KH0523	"SOKKIA NET1AXT11T/TE2 Automated 3D Station complete with:
2 x BDC58 rechargeable battery
1 x CDC68 charger
1 x EDC113 cable for CDC68"	 $21,300.00 	Slim Barracks Rise - Buona Vista CCL (OB Stn 2)	Slim Barracks Rise
S/I-010541	6-Jan-21	P210002	Sokkia NET1AXTIIT/TE2	KH0577	"SOKKIA NET1AXT11T/TE2 Automated 3D Station complete with:
2 x BDC58 rechargeable battery
1 x CDC68 charger
1 x EDC113 cable for CDC68"	 $21,500.00 	SPPG May Road - Stn 1	SPPG May Road
S/I-002963	31-Dec-18	P1800229	Sokkia NET1AXTIIT/TE2	KH0348	"SOKKIA NET1AXT11T/TE2 Automated 3D Station complete with:
2 x BDC58 rechargeable battery
1 x CDC68 charger
1 x EDC113 cable for CDC68"	 $24,100.00 	SPPG May Road - Stn 2	SPPG May Road
S/I-23-10-0244	20-Oct-23	P230162	Sokkia IX-1201	XS001557	"Robotic Total Station
SOKKIA IX-1201 / SPBWT (P/N 1042639-20) Auto Tracking Function robotic total station complete with:
2 x BDC72 battery
1 x CDC77 quick charger
1 x Power cable
1 x thumb drive"	 $16,500.00 	SPPG May Road - Stn 3	SPPG May Road
S/I-23-10-0244	20-Oct-23	P230162	Sokkia IX-1201	XS001510	"Robotic Total Station
SOKKIA IX-1201 / SPBWT (P/N 1042639-20) Auto Tracking Function robotic total station complete with:
2 x BDC72 battery
1 x CDC77 quick charger
1 x Power cable
1 x thumb drive"	 $16,500.00 	SPPG May Road - Stn 4	SPPG May Road
S/I-23-11-0029	7-Nov-23	P230162	Sokkia NET1AXIIT/TE	HX0088	"Automated 3D Station
SOKKIA NET1AXIIT/TE 3D Ultra High-Precision 3D station complete with:
2 x BDC72 battery
1 x CDC77 quick charger
1 x EDC113 Power cable"	 $22,300.00 	T308 - Siglap Canal (Marine Terrace Stn 1 - CB)	T308 - Siglap Canal
S/I-010541	6-Jan-21	P210002	Sokkia NET1AXTIIT/TE2	KH0570	"SOKKIA NET1AXT11T/TE2 Automated 3D Station complete with:
2 x BDC58 rechargeable battery
1 x CDC68 charger
1 x EDC113 cable for CDC68"	 $21,300.00 	T308 - Siglap Canal (Marine Terrace  Stn 1 - WB)	T308 - Siglap Canal
S/I-23-01-0200	27/1/2023	P220149	Sokkia IX-1201	XS000744	"Sokkia IX-1201 / SPBWT Automatic Tracking Function robotic total station complete with:
2 x BDC72 battery
1 x CDC77 quick charger
1 x Power cable
1 x thum drive"	 $16,500.00 	T313 (Bukit Panjang Bound)	T313 (T313/C922)
75401	1-Mar-11	P11028	Sokkia NET1m	103169	"SOKKIA NET1P51TN-22 Mono Mobile 3-D Station Complete with:
2 x BDC58 battery
1 x CDC68 charger
1 x EDC131 cable"	 $22,575.00 	Expo Stn 2 (Bukit Panjang Bound)	T313 (T313/C922)
82923	3-Jul-12	P1200122	Sokkia NET1AX	101438	"SOKKIA NET1AXT51TM-21 Automated 3-D Station Complete with:
2 x BDC58 rechargeable battery
1 x CDC68 charger
1 x EDC113 cable for CDC68"	 $26,250.00 	Tampines West MRT Stn BB (Stn 1)	Tampines N9 C10-12
64689	5-Jan-09	P08195R & P08174	Sokkia NET1m-II	102283	"SOKKIA NET1P51TN-22 Mono Mobile 3-D Station Complete with:
2 x BDC58 battery
1 x CDC68 charger
1 x EDC131 cable"	 $21,500.00 	Tampines West MRT Stn BB (Stn 2)	Tampines N9 C10-12
MSP-0006	27-Mar-13	P1300060	Sokkia NET05AX	102215	NET05AXP51TM-21 (212040LA0) 3D Station	 USD 20,000.00 	Tampines West MRT Stn BB (Stn 3)	Tampines N9 C10-12
63829	16-Oct-08	P08174	Sokkia NET1m-II	102020	"SOKKIA NET1P51TN-22 Mono Mobile 3-D Station Complete with:
2 x BDC58 battery
1 x CDC68 charger
1 x EDC131 cable"	 $21,500.00 	Tampines West MRT Stn XB (Stn 1)	Tampines N9 C10-12
MSP-0006	27-Mar-13	P1300060	Sokkia NET05AX	102228	NET05AXP51TM-21 (212040LA0) 3D Station	 USD 20,000.00 	Tampines West MRT Stn XB (Stn 2)	Tampines N9 C10-12
80012	31-Jan-12	P1200005	Sokkia NET1AX	101374	"SOKKIA NET1AXT51TM-21 Automated 3-D Station Complete with:
2 x BDC58 rechargeable battery
1 x CDC68 charger
1 x EDC113 cable for CDC68"	 $26,250.00 	Tampines West MRT Stn XB (Stn 3)	Tampines N9 C10-12
S/I-006830	25-Nov-19	P1900225	Sokkia NET1AXTIIT/TE2	KH0485	"SOKKIA NET1AXT11T/TE2 Automated 3D Station complete with:
2 x BDC58 rechargeable battery
1 x CDC68 charger
1 x EDC113 cable for CDC68"	 $21,300.00 	Fort Canning MRT Stn (Stn 1)	"The Legend
(Liang Court)"
S/I-005354	15-Jul-19	P1900139	Sokkia NET1AXTIIT/TE2	KH0417	"SOKKIA NET1AXT11T/TE2 Automated 3D Station complete with:
2 x BDC58 rechargeable battery
1 x CDC68 charger
1 x EDC113 cable for CDC68"	 $24,100.00 	Fort Canning MRT Stn (Stn 2)	"The Legend
(Liang Court)"
S/I-002963	31-Dec-18	P1800229	Sokkia NET1AXTIIT/TE2	KH0351	"SOKKIA NET1AXT11T/TE2 Automated 3D Station complete with:
2 x BDC58 rechargeable battery
1 x CDC68 charger
1 x EDC113 cable for CDC68"	 $24,100.00 	Fort Canning MRT Stn (Stn 3)	"The Legend
(Liang Court)"
79704	22-Dec-11	P11185	Sokkia NET1AX	101233	"SOKKIA NET1AXT51TM-21 Automated 3-D Station Complete with:
2 x BDC58 rechargeable battery
1 x CDC68 charger
1 x EDC113 cable for CDC68"	 $26,250.00 	TWRP DTSS T08 Tunnel (Z Shaft - Stn 1)	TWRP DTSS T08 
75046	17-Feb-11	P11028	Sokkia NET1m-II	103109	"SOKKIA NET1P51TN-22 Mono Mobile 3-D Station Complete with:
2 x BDC58 battery
1 x CDC68 charger
1 x EDC131 cable"	 $22,575.00 	TWRP DTSS T08 Tunnel (Z Shaft - Stn 2)	TWRP DTSS T08 
61341	2-May-08	P08078	Sokkia NET1m	101565	"SOKKIA NET-1M Mono Mobile 3-D Station Complete with:
2 x rechargeable battery
1 x charger
1 x EDC131 cable"	 $21,500.00 	TWRP DTSS T08 Tunnel (Zi Shaft - Stn 3)	TWRP DTSS T08 
61888	16-Jun-08	P08102	Sokkia NET1m-II	101751	"SOKKIA NET1P51TN-22 Mono Mobile 3-D Station Complete with:
2 x BDC58 battery
1 x CDC68 charger
1 x EDC131 cable"	 $21,500.00 	TWRP DTSS T08 Tunnel (Zi Shaft - Stn 4)	TWRP DTSS T08 
85999	3-Jan-13	P1200199	Sokkia NET1AX	102171	"SOKKIA NET1AXT51TM-21 Automated 3-D Station Complete with:
2 x BDC58 rechargeable battery
1 x CDC68 charger
1 x EDC113 cable for CDC68"	 $26,250.00 	YSF Corporation (HK)	YSF Corporation (HK)
MSP-0001	30-Nov-12	P1200192	Sokkia NET1AX	102181	NET1AXT11T-21W (212021BA0) 3D Station	 USD 23,500.00 	YSF Corporation (HK)	YSF Corporation (HK)
MSP-0006	27-Mar-13	P1300060	Sokkia NET1AX	102288	NET1AXT11T-21W (212021BA0) 3D Station	 USD 20,000.00 	YSF Corporation (HK)	YSF Corporation (HK)
59580	28-Dec-07	P07122	Sokkia NET1m	101018	"SOKKIA NET-1M Mono Mobile 3-D Station Complete with:
2 x rechargeable battery
1 x charger
1 x EDC131 cable"	 $21,500.00 	Servicing	12-Dec-23
59580	28-Dec-07	P07122	Sokkia NET1m	101143	"SOKKIA NET-1M Mono Mobile 3-D Station Complete with:
2 x rechargeable battery
1 x charger
1 x EDC131A cable"	 $21,500.00 	Servicing	12-Dec-23
61341	2-May-08	P08078	Sokkia NET1m	101552	"SOKKIA NET-1M Mono Mobile 3-D Station Complete with:
2 x rechargeable battery
1 x charger
1 x EDC131 cable"	 $21,500.00 	Servicing	03-Jun-25
61888	16-Jun-08	P08102	Sokkia NET1m-II	101845	"SOKKIA NET1P51TN-22 Mono Mobile 3-D Station Complete with:
2 x BDC58 battery
1 x CDC68 charger
1 x EDC131 cable"	 $21,500.00 	Servicing	27-Mar-25
64689	5-Jan-09	P08195R & P08174	Sokkia NET1m-II	102287	"SOKKIA NET1P51TN-22 Mono Mobile 3-D Station Complete with:
2 x BDC58 battery
1 x CDC68 charger
1 x EDC131 cable"	 $21,500.00 	Servicing	27-Mar-25
64689	5-Jan-09	P08195R & P08174	Sokkia NET1m-II	102290	"SOKKIA NET1P51TN-22 Mono Mobile 3-D Station Complete with:
2 x BDC58 battery
1 x CDC68 charger
1 x EDC131 cable"	 $21,500.00 	Servicing	05-Aug-24
68282	17-Sep-09	P09107	Sokkia NET1m-II	102684	"SOKKIA NET1P51TN-22 Mono Mobile 3-D Station Complete with:
2 x BDC58 battery
1 x CDC68 charger
1 x EDC131 cable"	 $21,500.00 	Servicing	05-Aug-24
74930	10-Feb-11	P11013	Sokkia NET1m-II	103166	"SOKKIA NET1P51TN-22 Mono Mobile 3-D Station Complete with:
2 x BDC58 battery
1 x CDC68 charger
1 x EDC131 cable"	 $22,575.00 	Servicing	15-Dec-23
S/I-002963	31-Dec-18	P1800229	Sokkia NET1AXTIIT/TE2	KH0319	"SOKKIA NET1AXT11T/TE2 Automated 3D Station complete with:
2 x BDC58 rechargeable battery
1 x CDC68 charger
1 x EDC113 cable for CDC68"	 $24,100.00 	Servicing	19-Dec-25
S/I-002963	31-Dec-18	P1800229	Sokkia NET1AXTIIT/TE2	KH0358	"SOKKIA NET1AXT11T/TE2 Automated 3D Station complete with:
2 x BDC58 rechargeable battery
1 x CDC68 charger
1 x EDC113 cable for CDC68"	 $24,100.00 	Servicing	24-Dec-25
TSP20/80790	10-Mar-21	P210053	Sokkia NET1AXTIIT/TE2	KH0624	NET1AXIIT/TE Measuring Station	 USD 14,500.00 	Servicing	19-Dec-25
S/D - 018045	11-Oct-21	P210121	Sokkia IX-1001	UR005894	"Sokkia IX-1001 / SPBWT robotic total station complete with:
2 x BDC72 battery
1 x CDC77 quick charger
1 x Power cable"	 $11,215.00 	Servicing	24-Dec-25
S/I-007002	6-Dec-19	P1900239	Sokkia NET1AXTIIT/TE2	KH0471	"SOKKIA NET1AXT11T/TE2 Automated 3D Station complete with:
2 x BDC58 rechargeable battery
1 x CDC68 charger
1 x EDC113 cable for CDC68"	 $21,300.00 	Global Sinotrust Pte Ltd	Loan to Global SinoTrust Pte Ltd on 14/11/2024
S/I-23-10-0244	20-Oct-23	P230162	Sokkia IX-1201	XS001444	"Robotic Total Station
SOKKIA IX-1201 / SPBWT (P/N 1042639-20) Auto Tracking Function robotic total station complete with:
2 x BDC72 battery
1 x CDC77 quick charger
1 x Power cable
1 x thumb drive"	 $16,500.00 	H3	Loan to H3 on 28/04/2025
S/I-23-10-0244	20-Oct-23	P230162	Sokkia IX-1201	XS001545	"Robotic Total Station
SOKKIA IX-1201 / SPBWT (P/N 1042639-20) Auto Tracking Function robotic total station complete with:
2 x BDC72 battery
1 x CDC77 quick charger
1 x Power cable
1 x thumb drive"	 $16,500.00 	H3	Purchased by H3 on 17/04/2025
MSP-0006	27-Mar-13	P1300060	Sokkia NET05AX	102214	NET05AXP51TM-21 (212040LA0) 3D Station	 $20,000.00 	S.D.M Company Limited	Purchased by SDM on 07/10/2025 I250268
S/I-002963	31-Dec-18	P1800229	Sokkia NET1AXTIIT/TE2	KH0322	"SOKKIA NET1AXT11T/TE2 Automated 3D Station complete with:
2 x BDC58 rechargeable battery
1 x CDC68 charger
1 x EDC113 cable for CDC68"	 $24,100.00 	S.D.M Company Limited	Purchased by SDM on 19/11/2025 I250316
S/I-24-04-0035	4-Apr-24	P230224	Sokkia NET1AXIIT/TE	HX0155	"Automated 3D Station
SOKKIA NET1AXIIT/TE 3D Ultra High-Precision 3D station complete with:
2 x BDC72 battery
1 x CDC77 quick charger
1 x EDC113 Power cable"	 $22,300.00 	Sembcorp Specialised Construction Pte Ltd	Loan on 21/11/2025
S/I-25-07-0015	3-Jul-25	P250059	Sokkia NET1AXIIT/TE	HX0210	"Automated 3D Station
SOKKIA NET1AXIIT/TE 3D Ultra High-Precision 3D station complete with:
2 x BDC72 battery
1 x CDC77 quick charger
1 x EDC113 Power cable"	 $22,300.00 	Sembcorp Specialised Construction Pte Ltd	Loan on 31/10/2025
S/I-25-10-0278	28-Oct-25	P250142	Sokkia NET1AXIIT/TE	HX0217	"Automated 3D Station
SOKKIA NET1AXIIT/TE 3D Ultra High-Precision 3D station complete with:
2 x BDC72 battery
1 x CDC77 quick charger
1 x EDC113 Power cable"	 $22,300.00 	Sembcorp Specialised Construction Pte Ltd	Loan on 21/11/2025
S/I-25-07-0015	3-Jul-25	P250059	Sokkia NET1AXIIT/TE	HX0218	"Automated 3D Station
SOKKIA NET1AXIIT/TE 3D Ultra High-Precision 3D station complete with:
2 x BDC72 battery
1 x CDC77 quick charger
1 x EDC113 Power cable"	 $22,300.00 	Sembcorp Specialised Construction Pte Ltd	Loan on 31/10/2025
S/I-25-07-0015	3-Jul-25	P250059	Sokkia NET1AXIIT/TE	HX0219	"Automated 3D Station
SOKKIA NET1AXIIT/TE 3D Ultra High-Precision 3D station complete with:
2 x BDC72 battery
1 x CDC77 quick charger
1 x EDC113 Power cable"	 $22,300.00 	Sembcorp Specialised Construction Pte Ltd	Loan on 10/11/2025
S/I-25-06-0237	24-Jun-25	P250059	Sokkia NET1AXIIT/TE	HX0215	"Automated 3D Station
SOKKIA NET1AXIIT/TE 3D Ultra High-Precision 3D station complete with:
2 x BDC72 battery
1 x CDC77 quick charger
1 x EDC113 Power cable"	 $22,300.00 	Sembcorp Specialised Construction Pte Ltd	Loan on 04/11/2025
S/I-25-10-0278	28-Oct-25	P250142	Sokkia NET1AXIIT/TE	HX0220	"Automated 3D Station
SOKKIA NET1AXIIT/TE 3D Ultra High-Precision 3D station complete with:
2 x BDC72 battery
1 x CDC77 quick charger
1 x EDC113 Power cable"	 $22,300.00 	Sembcorp Specialised Construction Pte Ltd	Loan on 04/11/2025
S/I-25-06-0237	24-Jun-25	P250059	Sokkia NET1AXIIT/TE	HX0221	"Automated 3D Station
SOKKIA NET1AXIIT/TE 3D Ultra High-Precision 3D station complete with:
2 x BDC72 battery
1 x CDC77 quick charger
1 x EDC113 Power cable"	 $22,300.00 	Sembcorp Specialised Construction Pte Ltd	Loan on 04/11/2025
S/I-25-10-0278	28-Oct-25	P250142	Sokkia NET1AXIIT/TE	HX0233	"Automated 3D Station
SOKKIA NET1AXIIT/TE 3D Ultra High-Precision 3D station complete with:
2 x BDC72 battery
1 x CDC77 quick charger
1 x EDC113 Power cable"	 $22,300.00 	Sembcorp Specialised Construction Pte Ltd	Loan on 10/11/2025
S/I-25-10-0278	28-Oct-25	P250142	Sokkia NET1AXIIT/TE	HX0234	"Automated 3D Station
SOKKIA NET1AXIIT/TE 3D Ultra High-Precision 3D station complete with:
2 x BDC72 battery
1 x CDC77 quick charger
1 x EDC113 Power cable"	 $22,300.00 	Sembcorp Specialised Construction Pte Ltd	Loan on 31/10/2025
S/I-25-11-0330	27-Nov-25	P250142	Sokkia NET1AXIIT/TE	HX0269	"Automated 3D Station
SOKKIA NET1AXIIT/TE 3D Ultra High-Precision 3D station complete with:
2 x BDC72 battery
1 x CDC77 quick charger
1 x EDC113 Power cable"	 $22,300.00 	Sembcorp Specialised Construction Pte Ltd	Loan on 08/12/2025
S/I-25-12-0065	5-Dec-25	P250162	Sokkia MS1AXIIT	HZ0239	"Automated 3D Station
SOKKIA MS1AXIIT 3D Ultra High-Precision 3D station complete with:
2 x BDC70/72 battery
1 x CDC68/77 quick charger
1 x EDC113 Power cable
1 X Standard package components"	 $22,300.00 	Sembcorp Specialised Construction Pte Ltd	Loan on 08/12/2025
S/I-25-12-0065	5-Dec-25	P250162	Sokkia MS1AXII	HZ0242	"Automated 3D Station
SOKKIA MS1AXIIT 3D Ultra High-Precision 3D station complete with:
2 x BDC70/72 battery
1 x CDC68/77 quick charger
1 x EDC113 Power cable
1 X Standard package components"	 $22,300.00 	Sembcorp Specialised Construction Pte Ltd	Loan on 08/12/2025
S/I-25-12-0093	8-Dec-25	P250162	Sokkia MS1AXII	HZ0249	"Automated 3D Station
SOKKIA MS1AXII 3D Ultra High-Precision 3D station complete with:
2 x BDC70/72 battery
1 x CDC68/77 quick charger
1 x EDC113 Power cable
1 X Standard package components"	 $22,300.00 	Sembcorp Specialised Construction Pte Ltd	Loan on 10/12/2025
S/I-25-12-0087	8-Dec-25	P250180	Sokkia NET1AXIIT/TE	HX0268	"Automated 3D Station
SOKKIA NET1AXIIT/TE 3D Ultra High-Precision 3D station complete with:
2 x BDC72 battery
1 x CDC77 quick charger
1 x EDC113 Power cable"	 $22,300.00 	Sembcorp Specialised Construction Pte Ltd	Loan on 15/12/2025
S/I-25-12-0106	9-Dec-25	P250162	Sokkia MS1AXII	HZ0245	"Automated 3D Station
SOKKIA MS1AXII 3D Ultra High-Precision 3D station complete with:
2 x BDC70/72 battery
1 x CDC68/77 quick charger
1 x EDC113 Power cable
1 X Standard package components"	 $22,300.00 	Sembcorp Specialised Construction Pte Ltd	Loan on 15/12/2025
S/I-25-12-0087	8-Dec-25	P250180	Sokkia NET1AXIIT/TE	HX0267	"Automated 3D Station
SOKKIA NET1AXIIT/TE 3D Ultra High-Precision 3D station complete with:
2 x BDC72 battery
1 x CDC77 quick charger
1 x EDC113 Power cable"	 $22,300.00 	Sembcorp Specialised Construction Pte Ltd	Loan on 19/12/2025
S/I-25-12-0093	8-Dec-25	P250162	Sokkia MS1AXII	HZ0244	"Automated 3D Station
SOKKIA MS1AXII 3D Ultra High-Precision 3D station complete with:
2 x BDC70/72 battery
1 x CDC68/77 quick charger
1 x EDC113 Power cable
1 X Standard package components"	 $22,300.00 	Sembcorp Specialised Construction Pte Ltd	Loan on 19/12/2025
59405	21-Dec-07	P07116	Sokkia NET1m	101105	SOKKIA NET-1M Mono Mobile 3-D Station Complete with: 2 x rechargeable battery 1 x charger 1 x cable	 $21,500.00 	WRITE OFF.	
59405	21-Dec-07	P07116	Sokkia NET1m	101048	SOKKIA NET-1M Mono Mobile 3-D Station Complete with: 2 x rechargeable battery 1 x charger 1 x cable	 $21,500.00 	WRITE OFF.	
59580	28-Dec-07	P07122	Sokkia NET1m	101041	SOKKIA NET-1M Mono Mobile 3-D Station Complete with: 2 x rechargeable battery 1 x charger 1 x EDC131A cable	 $21,500.00 	WRITE OFF.	
60698	3-Apr-08	P08036	Sokkia NET1m	100950	SOKKIA NET-1M Mono Mobile 3-D Station Complete with: 2 x rechargeable battery 1 x charger 1 x EDC131A cable	 $21,500.00 	WRITE OFF.	
61888	16-Jun-08	P08102	Sokkia NET1m-II	101844	SOKKIA NET1P51TN-22 Mono Mobile 3-D Station Complete with: 2 x BDC58 batery 1 x CDC68 charger 1 x EDC131 cable	 $21,500.00 	WRITE OFF.	
60813	19-Apr-08	P08068	Sokkia NET1m	101555	SOKKIA NET-1M Mono Mobile 3-D Station Complete with: 2 x rechargeable battery 1 x charger 1 x EDC131 cable	 $21,500.00 	WRITE OFF.	
63829	16-Oct-08	P08174	Sokkia NET1m-II	102024	SOKKIA NET1P51TN-22 Mono Mobile 3-D Station Complete with: 2 x BDC58 batery 1 x CDC68 charger 1 x EDC131 cable	 $21,500.00 	WRITE OFF.	
59902	26-Jan-08	P08013	Sokkia NET1m	101101	SOKKIA NET-1M Mono Mobile 3-D Station Complete with: 2 x rechargeable battery 1 x charger 1 x EDC131 cable (taken)	 $21,500.00 	WRITE OFF.	
61341	2-May-08	P08078	Sokkia NET1m	101551	SOKKIA NET-1M Mono Mobile 3-D Station Complete with: 2 x rechargeable battery 1 x charger 1 x EDC131 cable	 $21,500.00 	WRITE OFF.	
64740	8-Jan-09	P08195R	Sokkia NET1m-II	102289	SOKKIA NET1P51TN-22 Mono Mobile 3-D Station Complete with: 2 x BDC58 batery 1 x CDC68 charger 1 x EDC131 cable	 $21,500.00 	WRITE OFF.	
75401	1-Mar-11	P11028	Sokkia NET1m-II	101303	SOKKIA NET1P51TN-22 Mono Mobile 3-D Station Complete with: 2 x BDC58 batery 1 x CDC68 charger 1 x EDC131 cable	 $22,575.00 	WRITE OFF.	
64689	5-Jan-09	P08195R & P08174	Sokkia NET1m-II	102281	SOKKIA NET1P51TN-22 Mono Mobile 3-D Station Complete with: 2 x BDC58 batery 1 x CDC68 charger 1 x EDC131 cable	 $21,500.00 	WRITE OFF.	
67832	27-Aug-09	P09090	Sokkia NET1m-II	102293	SOKKIA NET1P51TN-22 Mono Mobile 3-D Station Complete with: 2 x BDC58 batery 1 x CDC68 charger 1 x EDC131 cable	 $21,500.00 	WRITE OFF.	
68282	17-Sep-09	P09107	Sokkia NET1m-II	102696	SOKKIA NET1P51TN-22 Mono Mobile 3-D Station Complete with: 2 x BDC58 batery 1 x CDC68 charger 1 x EDC131 cable	 $21,500.00 	WRITE OFF.	
64689	5-Jan-09	P08195R & P08174	Sokkia NET1m-II	102284	"SOKKIA NET1P51TN-22 Mono Mobile 3-D Station Complete with:
2 x BDC58 battery
1 x CDC68 charger
1 x EDC131 cable"	 $21,500.00 	WRITE OFF.	
63000	27-Aug-08	P08155	Sokkia NET1m-II	101515	"SOKKIA NET1P51TN-22 Mono Mobile 3-D Station Complete with:
2 x BDC58 battery
1 x CDC68 charger
1 x EDC131 cable"	 $21,500.00 	WRITE OFF ON 11/11/20	
